

INSERT INTO app (appname, description) VALUES ('app10', 'phpMemcachedAdmin test');
INSERT INTO app (appname, description) VALUES ('app11', 'Push-уведомления test');
INSERT INTO app (appname, description) VALUES ('app12', 'Авторизация test');
INSERT INTO app (appname, description) VALUES ('app13', 'Акценты и блоки test');
INSERT INTO app (appname, description) VALUES ('app14', 'Баннерка test');
INSERT INTO app (appname, description) VALUES ('app15', 'Выставленное на сайт test');
INSERT INTO app (appname, description) VALUES ('app16', 'Документация test');
INSERT INTO app (appname, description) VALUES ('app17', 'Дубль два test');
INSERT INTO app (appname, description) VALUES ('app18', 'Задать вопрос test');
INSERT INTO app (appname, description) VALUES ('app19', 'Коды для вставки test');
INSERT INTO app (appname, description) VALUES ('app20', 'Комментарии test');
INSERT INTO app (appname, description) VALUES ('app21', 'Легкая версия сайта test');
INSERT INTO app (appname, description) VALUES ('app22', 'Магазин бумажной подписки (NEW) test');
INSERT INTO app (appname, description) VALUES ('app23', 'Медали test');
INSERT INTO app (appname, description) VALUES ('app24', 'Медиацентр test');
INSERT INTO app (appname, description) VALUES ('app25', 'Олимпиада 2014 test');
INSERT INTO app (appname, description) VALUES ('app26', 'Онлайн-трансляции test');
INSERT INTO app (appname, description) VALUES ('app27', 'Парсер test');
INSERT INTO app (appname, description) VALUES ('app28', 'Постинг в twitter test');
INSERT INTO app (appname, description) VALUES ('app29', 'Привязка регионов test');
INSERT INTO app (appname, description) VALUES ('app30', 'Родина test');
INSERT INTO app (appname, description) VALUES ('app31', 'Спортивные онлайн-трансляции test');
INSERT INTO app (appname, description) VALUES ('app32', 'Спортсмены test');
INSERT INTO app (appname, description) VALUES ('app33', 'Стена test');
INSERT INTO app (appname, description) VALUES ('app34', 'Теги test');
INSERT INTO app (appname, description) VALUES ('app35', 'Требуется на сайт test');
INSERT INTO app (appname, description) VALUES ('app36', 'Управление рассылками test');
INSERT INTO app (appname, description) VALUES ('app37', 'Фоторепортажи test');
INSERT INTO app (appname, description) VALUES ('app38', 'Чемпионаты test');



INSERT INTO "user" (username, password, email, fullname, description) VALUES ('7101159', '6b86b273ff34fce19d6b804eff5a3f5747ada4eaa22f1d49c01e52ddb7875b4b', '7101159@rambler.ru', 'Журман Ольга', 'test');
INSERT INTO "user" (username, password, email, fullname, description) VALUES ('a.bondarev', '6b86b273ff34fce19d6b804eff5a3f5747ada4eaa22f1d49c01e52ddb7875b4b', 'a.bondarev@krasrg.ru', 'Бондарев Алексей', 'test');
INSERT INTO "user" (username, password, email, fullname, description) VALUES ('a.sorokina', '6b86b273ff34fce19d6b804eff5a3f5747ada4eaa22f1d49c01e52ddb7875b4b', 'a.sorokina@rbth.ru', 'Sorokina Anna ', 'test');
INSERT INTO "user" (username, password, email, fullname, description) VALUES ('achernega4', '6b86b273ff34fce19d6b804eff5a3f5747ada4eaa22f1d49c01e52ddb7875b4b', 'achernega4@rg.ru', 'Чернега Александра', 'test');
INSERT INTO "user" (username, password, email, fullname, description) VALUES ('afinez', '6b86b273ff34fce19d6b804eff5a3f5747ada4eaa22f1d49c01e52ddb7875b4b', 'afinez@mail.ru', 'Карнаухов Игорь', 'test');
INSERT INTO "user" (username, password, email, fullname, description) VALUES ('agur', '6b86b273ff34fce19d6b804eff5a3f5747ada4eaa22f1d49c01e52ddb7875b4b', 'agur@rg.ru', 'Жанна Агуреева', 'test');
INSERT INTO "user" (username, password, email, fullname, description) VALUES ('akondratiev', '6b86b273ff34fce19d6b804eff5a3f5747ada4eaa22f1d49c01e52ddb7875b4b', 'akondratiev@rg.ru', 'Кондратьев Антон', 'test');
INSERT INTO "user" (username, password, email, fullname, description) VALUES ('akulova', '6b86b273ff34fce19d6b804eff5a3f5747ada4eaa22f1d49c01e52ddb7875b4b', 'akulova@rg.ru', 'Акулова Евгения', 'test');
INSERT INTO "user" (username, password, email, fullname, description) VALUES ('aleksanyan', '6b86b273ff34fce19d6b804eff5a3f5747ada4eaa22f1d49c01e52ddb7875b4b', 'aleksanyan@rg.ru', 'Алексанян Элен', 'test');
INSERT INTO "user" (username, password, email, fullname, description) VALUES ('alex', '6b86b273ff34fce19d6b804eff5a3f5747ada4eaa22f1d49c01e52ddb7875b4b', 'alex@rg.nsk.su', 'Хадаев Алексей', 'test');
INSERT INTO "user" (username, password, email, fullname, description) VALUES ('alex3755', '6b86b273ff34fce19d6b804eff5a3f5747ada4eaa22f1d49c01e52ddb7875b4b', 'alex3755@mail.ru', 'Воздвиженская Александра ', 'test');
INSERT INTO "user" (username, password, email, fullname, description) VALUES ('aminova', '6b86b273ff34fce19d6b804eff5a3f5747ada4eaa22f1d49c01e52ddb7875b4b', 'aminova@rg.ru', 'Аминова Марина', 'test');
INSERT INTO "user" (username, password, email, fullname, description) VALUES ('andreyandreev1961', '6b86b273ff34fce19d6b804eff5a3f5747ada4eaa22f1d49c01e52ddb7875b4b', 'andreyandreev1961@yandex.ru', 'Андреев Андрей', 'test');
INSERT INTO "user" (username, password, email, fullname, description) VALUES ('anna_alex_', '6b86b273ff34fce19d6b804eff5a3f5747ada4eaa22f1d49c01e52ddb7875b4b', 'anna_alex_@mail.ru', 'Бондаренко Анна', 'test');
INSERT INTO "user" (username, password, email, fullname, description) VALUES ('anna-skripka', '6b86b273ff34fce19d6b804eff5a3f5747ada4eaa22f1d49c01e52ddb7875b4b', 'anna-skripka@mail.ru', 'Скрипка Анна', 'test');
INSERT INTO "user" (username, password, email, fullname, description) VALUES ('annafedor2009', '6b86b273ff34fce19d6b804eff5a3f5747ada4eaa22f1d49c01e52ddb7875b4b', 'annafedor2009@yandex.ru', 'Шепелева Анна', 'test');
INSERT INTO "user" (username, password, email, fullname, description) VALUES ('annaskudayeva', '6b86b273ff34fce19d6b804eff5a3f5747ada4eaa22f1d49c01e52ddb7875b4b', 'annaskudayeva@gmail.com', 'Скудаева Анна', 'test');
INSERT INTO "user" (username, password, email, fullname, description) VALUES ('antivalagin', '6b86b273ff34fce19d6b804eff5a3f5747ada4eaa22f1d49c01e52ddb7875b4b', 'antivalagin@yandex.ru', 'Валагин Антон', 'test');
INSERT INTO "user" (username, password, email, fullname, description) VALUES ('any888', '6b86b273ff34fce19d6b804eff5a3f5747ada4eaa22f1d49c01e52ddb7875b4b', 'any888@mail.ru', 'Тимофеева Анна', 'test');
INSERT INTO "user" (username, password, email, fullname, description) VALUES ('apol3lp', '6b86b273ff34fce19d6b804eff5a3f5747ada4eaa22f1d49c01e52ddb7875b4b', 'apol3lp@mail.ru', 'Полухин Андрей', 'test');
INSERT INTO "user" (username, password, email, fullname, description) VALUES ('ashirova', '6b86b273ff34fce19d6b804eff5a3f5747ada4eaa22f1d49c01e52ddb7875b4b', 'ashirova@rg.ru', 'Аширова Эльмира', 'test');
INSERT INTO "user" (username, password, email, fullname, description) VALUES ('atan', '6b86b273ff34fce19d6b804eff5a3f5747ada4eaa22f1d49c01e52ddb7875b4b', 'atan@rg-ural.ru', 'Андреева Татьяна', 'test');
INSERT INTO "user" (username, password, email, fullname, description) VALUES ('barsuk', '6b86b273ff34fce19d6b804eff5a3f5747ada4eaa22f1d49c01e52ddb7875b4b', 'barsuk@rg.ru', 'Барсук Сергей', 'test');
INSERT INTO "user" (username, password, email, fullname, description) VALUES ('Barybina', '6b86b273ff34fce19d6b804eff5a3f5747ada4eaa22f1d49c01e52ddb7875b4b', 'Barybina@rg.ru', 'Барыбина Ольга', 'test');
INSERT INTO "user" (username, password, email, fullname, description) VALUES ('bbkilin', '6b86b273ff34fce19d6b804eff5a3f5747ada4eaa22f1d49c01e52ddb7875b4b', 'bbkilin@gmail.com', 'Килин Борис', 'test');
INSERT INTO "user" (username, password, email, fullname, description) VALUES ('bil11', '6b86b273ff34fce19d6b804eff5a3f5747ada4eaa22f1d49c01e52ddb7875b4b', 'bil11@mail.ru', 'Биль Владимир', 'test');
INSERT INTO "user" (username, password, email, fullname, description) VALUES ('bormasheva', '6b86b273ff34fce19d6b804eff5a3f5747ada4eaa22f1d49c01e52ddb7875b4b', 'bormasheva@rg.ru', 'Бормашева Ольга', 'test');
INSERT INTO "user" (username, password, email, fullname, description) VALUES ('borodenko', '6b86b273ff34fce19d6b804eff5a3f5747ada4eaa22f1d49c01e52ddb7875b4b', 'borodenko@rg.ru', 'Бороденко Виктория', 'test');
INSERT INTO "user" (username, password, email, fullname, description) VALUES ('brook', '6b86b273ff34fce19d6b804eff5a3f5747ada4eaa22f1d49c01e52ddb7875b4b', 'brook@rg.ru', 'Брук Елена', 'test');
INSERT INTO "user" (username, password, email, fullname, description) VALUES ('burlo', '6b86b273ff34fce19d6b804eff5a3f5747ada4eaa22f1d49c01e52ddb7875b4b', 'burlo@rg.ru', 'Бурло Алексей', 'test');
INSERT INTO "user" (username, password, email, fullname, description) VALUES ('busuek', '6b86b273ff34fce19d6b804eff5a3f5747ada4eaa22f1d49c01e52ddb7875b4b', 'busuek@rg.ru', 'Бусуек Светлана ', 'test');
INSERT INTO "user" (username, password, email, fullname, description) VALUES ('butylkina', '6b86b273ff34fce19d6b804eff5a3f5747ada4eaa22f1d49c01e52ddb7875b4b', 'butylkina@rg.ru', 'Бутылкина Нина', 'test');
INSERT INTO "user" (username, password, email, fullname, description) VALUES ('buynaya', '6b86b273ff34fce19d6b804eff5a3f5747ada4eaa22f1d49c01e52ddb7875b4b', 'buynaya@rg.ru', 'Буйная Юлия', 'test');
INSERT INTO "user" (username, password, email, fullname, description) VALUES ('carminesaviano', '6b86b273ff34fce19d6b804eff5a3f5747ada4eaa22f1d49c01e52ddb7875b4b', 'carminesaviano@gmail.com', 'Zavialov Vladimir ', 'test');
INSERT INTO "user" (username, password, email, fullname, description) VALUES ('chagin', '6b86b273ff34fce19d6b804eff5a3f5747ada4eaa22f1d49c01e52ddb7875b4b', 'chagin@rg.ru', 'Чагин Максим', 'test');
INSERT INTO "user" (username, password, email, fullname, description) VALUES ('chernyakov', '6b86b273ff34fce19d6b804eff5a3f5747ada4eaa22f1d49c01e52ddb7875b4b', 'chernyakov@rg.ru', 'Черняков Евгений', 'test');
INSERT INTO "user" (username, password, email, fullname, description) VALUES ('chernyshev', '6b86b273ff34fce19d6b804eff5a3f5747ada4eaa22f1d49c01e52ddb7875b4b', 'chernyshev@rg.ru', 'Чернышев Алексей', 'test');
INSERT INTO "user" (username, password, email, fullname, description) VALUES ('chipak', '6b86b273ff34fce19d6b804eff5a3f5747ada4eaa22f1d49c01e52ddb7875b4b', 'chipak@rg.ru', 'Чипак Павел ', 'test');
INSERT INTO "user" (username, password, email, fullname, description) VALUES ('chulkov', '6b86b273ff34fce19d6b804eff5a3f5747ada4eaa22f1d49c01e52ddb7875b4b', 'chulkov@rg.ru', 'Чулков Дмитрий ', 'test');
INSERT INTO "user" (username, password, email, fullname, description) VALUES ('david.flores', '6b86b273ff34fce19d6b804eff5a3f5747ada4eaa22f1d49c01e52ddb7875b4b', 'david.flores@rbth.ru', 'Flores David ', 'test');
INSERT INTO "user" (username, password, email, fullname, description) VALUES ('deeva', '6b86b273ff34fce19d6b804eff5a3f5747ada4eaa22f1d49c01e52ddb7875b4b', 'deeva@rg.ru', 'Деева Наталья', 'test');
INSERT INTO "user" (username, password, email, fullname, description) VALUES ('den77p', '6b86b273ff34fce19d6b804eff5a3f5747ada4eaa22f1d49c01e52ddb7875b4b', 'den77p@mail.ru', 'Передельский Денис', 'test');
INSERT INTO "user" (username, password, email, fullname, description) VALUES ('denissamara', '6b86b273ff34fce19d6b804eff5a3f5747ada4eaa22f1d49c01e52ddb7875b4b', 'denissamara@yandex.ru', 'Кудряшов Денис ', 'test');
INSERT INTO "user" (username, password, email, fullname, description) VALUES ('dgulnaz', '6b86b273ff34fce19d6b804eff5a3f5747ada4eaa22f1d49c01e52ddb7875b4b', 'dgulnaz@yandex.ru', 'Данилова Гульназ', 'test');
INSERT INTO "user" (username, password, email, fullname, description) VALUES ('dimagrigor58', '6b86b273ff34fce19d6b804eff5a3f5747ada4eaa22f1d49c01e52ddb7875b4b', 'dimagrigor58@gmail.com', 'Григорьев Дмитрий', 'test');
INSERT INTO "user" (username, password, email, fullname, description) VALUES ('dinessa', '6b86b273ff34fce19d6b804eff5a3f5747ada4eaa22f1d49c01e52ddb7875b4b', 'dinessa@hotmail.com', 'Доценко Инесса ', 'test');
INSERT INTO "user" (username, password, email, fullname, description) VALUES ('dtverdyy', '6b86b273ff34fce19d6b804eff5a3f5747ada4eaa22f1d49c01e52ddb7875b4b', 'dtverdyy@rg.ru', 'Твердый Дмитрий', 'test');
INSERT INTO "user" (username, password, email, fullname, description) VALUES ('dunay.es', '6b86b273ff34fce19d6b804eff5a3f5747ada4eaa22f1d49c01e52ddb7875b4b', 'dunay.es@gmail.com', 'Хайновская Евгения', 'test');
INSERT INTO "user" (username, password, email, fullname, description) VALUES ('e.savchenko743', '6b86b273ff34fce19d6b804eff5a3f5747ada4eaa22f1d49c01e52ddb7875b4b', 'e.savchenko743@gmail.com', 'Савченко Екатерина', 'test');
INSERT INTO "user" (username, password, email, fullname, description) VALUES ('economy', '6b86b273ff34fce19d6b804eff5a3f5747ada4eaa22f1d49c01e52ddb7875b4b', 'economy@rg.nnov.ru', 'Норский Валерий', 'test');
INSERT INTO "user" (username, password, email, fullname, description) VALUES ('elias13', '6b86b273ff34fce19d6b804eff5a3f5747ada4eaa22f1d49c01e52ddb7875b4b', 'elias13@yandex.ru', 'Соболев Илья', 'test');
INSERT INTO "user" (username, password, email, fullname, description) VALUES ('elisaveta_golub', '6b86b273ff34fce19d6b804eff5a3f5747ada4eaa22f1d49c01e52ddb7875b4b', 'elisaveta_golub@mail.ru', 'Голуб Лиза', 'test');
INSERT INTO "user" (username, password, email, fullname, description) VALUES ('ershov', '6b86b273ff34fce19d6b804eff5a3f5747ada4eaa22f1d49c01e52ddb7875b4b', 'ershov@rgkuban.ru', 'Ершов Александр', 'test');
INSERT INTO "user" (username, password, email, fullname, description) VALUES ('esolovyev', '6b86b273ff34fce19d6b804eff5a3f5747ada4eaa22f1d49c01e52ddb7875b4b', 'esolovyev@rg.ru', 'Соловьев Ефим ', 'test');
INSERT INTO "user" (username, password, email, fullname, description) VALUES ('evolkovy', '6b86b273ff34fce19d6b804eff5a3f5747ada4eaa22f1d49c01e52ddb7875b4b', 'evolkovy@gmail.com', 'Волков Евгений ', 'test');
INSERT INTO "user" (username, password, email, fullname, description) VALUES ('filimonov', '6b86b273ff34fce19d6b804eff5a3f5747ada4eaa22f1d49c01e52ddb7875b4b', 'filimonov@rg.ru', 'Филимонов Дмитрий', 'test');
INSERT INTO "user" (username, password, email, fullname, description) VALUES ('filippov2', '6b86b273ff34fce19d6b804eff5a3f5747ada4eaa22f1d49c01e52ddb7875b4b', 'filippov2@rg.ru', 'Филиппов Илья', 'test');
INSERT INTO "user" (username, password, email, fullname, description) VALUES ('filonofz', '6b86b273ff34fce19d6b804eff5a3f5747ada4eaa22f1d49c01e52ddb7875b4b', 'filonofz@mail.ru', 'Филонов Игорь', 'test');
INSERT INTO "user" (username, password, email, fullname, description) VALUES ('FKazakovK', '6b86b273ff34fce19d6b804eff5a3f5747ada4eaa22f1d49c01e52ddb7875b4b', 'FKazakovK@yandex.ru', 'Казаков Федор', 'test');
INSERT INTO "user" (username, password, email, fullname, description) VALUES ('fofana', '6b86b273ff34fce19d6b804eff5a3f5747ada4eaa22f1d49c01e52ddb7875b4b', 'fofana@mail.ru', 'Ткачева Татьяна', 'test');
INSERT INTO "user" (username, password, email, fullname, description) VALUES ('front09', '6b86b273ff34fce19d6b804eff5a3f5747ada4eaa22f1d49c01e52ddb7875b4b', 'front09@rambler.ru', 'Федосов Александр', 'test');
INSERT INTO "user" (username, password, email, fullname, description) VALUES ('gavrilenko-apk', '6b86b273ff34fce19d6b804eff5a3f5747ada4eaa22f1d49c01e52ddb7875b4b', 'gavrilenko-apk@mail.ru', 'Гавриленко Александр', 'test');
INSERT INTO "user" (username, password, email, fullname, description) VALUES ('gerasimenkoe', '6b86b273ff34fce19d6b804eff5a3f5747ada4eaa22f1d49c01e52ddb7875b4b', 'gerasimenkoe@rg.ru', 'Герасименко Екатерина', 'test');
INSERT INTO "user" (username, password, email, fullname, description) VALUES ('glushenkov', '6b86b273ff34fce19d6b804eff5a3f5747ada4eaa22f1d49c01e52ddb7875b4b', 'glushenkov@rg.ru', 'Glushenkov Yuri ', 'test');
INSERT INTO "user" (username, password, email, fullname, description) VALUES ('gomozov', '6b86b273ff34fce19d6b804eff5a3f5747ada4eaa22f1d49c01e52ddb7875b4b', 'gomozov@rg.ru', 'Гомозов Виктор ', 'test');
INSERT INTO "user" (username, password, email, fullname, description) VALUES ('grafn', '6b86b273ff34fce19d6b804eff5a3f5747ada4eaa22f1d49c01e52ddb7875b4b', 'grafn@inbox.ru', 'Граф Наталья', 'test');
INSERT INTO "user" (username, password, email, fullname, description) VALUES ('grishenko', '6b86b273ff34fce19d6b804eff5a3f5747ada4eaa22f1d49c01e52ddb7875b4b', 'grishenko@rostov.rg.ru', 'Грищенко Николай', 'test');
INSERT INTO "user" (username, password, email, fullname, description) VALUES ('hajoff', '6b86b273ff34fce19d6b804eff5a3f5747ada4eaa22f1d49c01e52ddb7875b4b', 'hajoff@mail.ru', 'Орлов Сергей', 'test');
INSERT INTO "user" (username, password, email, fullname, description) VALUES ('idrobysheva', '6b86b273ff34fce19d6b804eff5a3f5747ada4eaa22f1d49c01e52ddb7875b4b', 'idrobysheva@yandex.ru', 'Дробышева Ирина', 'test');
INSERT INTO "user" (username, password, email, fullname, description) VALUES ('ifedorov', '6b86b273ff34fce19d6b804eff5a3f5747ada4eaa22f1d49c01e52ddb7875b4b', 'ifedorov@rg.ru', 'Федоров Игорь', 'test');
INSERT INTO "user" (username, password, email, fullname, description) VALUES ('il2009', '6b86b273ff34fce19d6b804eff5a3f5747ada4eaa22f1d49c01e52ddb7875b4b', 'il2009@list.ru', 'Изотов Илья', 'test');
INSERT INTO "user" (username, password, email, fullname, description) VALUES ('inin', '6b86b273ff34fce19d6b804eff5a3f5747ada4eaa22f1d49c01e52ddb7875b4b', 'inin@rg.ru', 'Инин Дмитрий ', 'test');
INSERT INTO "user" (username, password, email, fullname, description) VALUES ('iponosov', '6b86b273ff34fce19d6b804eff5a3f5747ada4eaa22f1d49c01e52ddb7875b4b', 'iponosov@yandex.ru', 'Поносов Илья', 'test');
INSERT INTO "user" (username, password, email, fullname, description) VALUES ('irina_evsukova00', '6b86b273ff34fce19d6b804eff5a3f5747ada4eaa22f1d49c01e52ddb7875b4b', 'irina_evsukova00@mail.ru', 'Евсюкова Ирина ', 'test');
INSERT INTO "user" (username, password, email, fullname, description) VALUES ('ismagilov', '6b86b273ff34fce19d6b804eff5a3f5747ada4eaa22f1d49c01e52ddb7875b4b', 'ismagilov@rg.ru', 'Исмагилов Камиль', 'test');
INSERT INTO "user" (username, password, email, fullname, description) VALUES ('ivanitskaya', '6b86b273ff34fce19d6b804eff5a3f5747ada4eaa22f1d49c01e52ddb7875b4b', 'ivanitskaya@rg.ru', 'Иваницкая Полина', 'test');
INSERT INTO "user" (username, password, email, fullname, description) VALUES ('ivlev', '6b86b273ff34fce19d6b804eff5a3f5747ada4eaa22f1d49c01e52ddb7875b4b', 'ivlev@rg.ru', 'Ивлев Вадим', 'test');
INSERT INTO "user" (username, password, email, fullname, description) VALUES ('izubko', '6b86b273ff34fce19d6b804eff5a3f5747ada4eaa22f1d49c01e52ddb7875b4b', 'izubko@list.ru', 'Зубко Илья ', 'test');
INSERT INTO "user" (username, password, email, fullname, description) VALUES ('johnsylver', '6b86b273ff34fce19d6b804eff5a3f5747ada4eaa22f1d49c01e52ddb7875b4b', 'johnsylver@yandex.ru', 'Васильев Алексей', 'test');
INSERT INTO "user" (username, password, email, fullname, description) VALUES ('julia_gardner_rg', '6b86b273ff34fce19d6b804eff5a3f5747ada4eaa22f1d49c01e52ddb7875b4b', 'julia_gardner_rg@mail.ru', 'Гарднер Юлия', 'test');
INSERT INTO "user" (username, password, email, fullname, description) VALUES ('kandy68', '6b86b273ff34fce19d6b804eff5a3f5747ada4eaa22f1d49c01e52ddb7875b4b', 'kandy68@list.ru', 'Куликов Андрей', 'test');
INSERT INTO "user" (username, password, email, fullname, description) VALUES ('kasya20', '6b86b273ff34fce19d6b804eff5a3f5747ada4eaa22f1d49c01e52ddb7875b4b', 'kasya20@yandex.ru', 'Дубичева Ксения', 'test');
INSERT INTO "user" (username, password, email, fullname, description) VALUES ('kazans-oleg', '6b86b273ff34fce19d6b804eff5a3f5747ada4eaa22f1d49c01e52ddb7875b4b', 'kazans-oleg@yandex.ru', 'Корякин Олег', 'test');
INSERT INTO "user" (username, password, email, fullname, description) VALUES ('kazmina', '6b86b273ff34fce19d6b804eff5a3f5747ada4eaa22f1d49c01e52ddb7875b4b', 'kazmina@rg.ru', 'Казьмина Елена', 'test');
INSERT INTO "user" (username, password, email, fullname, description) VALUES ('kburmenko', '6b86b273ff34fce19d6b804eff5a3f5747ada4eaa22f1d49c01e52ddb7875b4b', 'kburmenko@yandex.ru', 'Бурменко Ксения ', 'test');
INSERT INTO "user" (username, password, email, fullname, description) VALUES ('kerdo', '6b86b273ff34fce19d6b804eff5a3f5747ada4eaa22f1d49c01e52ddb7875b4b', 'kerdo@yandex.ru', 'Бабкин Сергей', 'test');
INSERT INTO "user" (username, password, email, fullname, description) VALUES ('khoroshilov', '6b86b273ff34fce19d6b804eff5a3f5747ada4eaa22f1d49c01e52ddb7875b4b', 'khoroshilov@rg.ru', 'Хорошилов Михаил', 'test');
INSERT INTO "user" (username, password, email, fullname, description) VALUES ('kmerinov', '6b86b273ff34fce19d6b804eff5a3f5747ada4eaa22f1d49c01e52ddb7875b4b', 'kmerinov@rg.ru', 'Меринов Константин ', 'test');
INSERT INTO "user" (username, password, email, fullname, description) VALUES ('kolesnikov', '6b86b273ff34fce19d6b804eff5a3f5747ada4eaa22f1d49c01e52ddb7875b4b', 'kolesnikov@rg.ru', 'Колесников Вадим ', 'test');
INSERT INTO "user" (username, password, email, fullname, description) VALUES ('kolmykova', '6b86b273ff34fce19d6b804eff5a3f5747ada4eaa22f1d49c01e52ddb7875b4b', 'kolmykova@rg.ru', 'Колмыкова Наталья', 'test');
INSERT INTO "user" (username, password, email, fullname, description) VALUES ('komarovaa', '6b86b273ff34fce19d6b804eff5a3f5747ada4eaa22f1d49c01e52ddb7875b4b', 'komarovaa@rg.ru', 'Комарова Анастасия', 'test');
INSERT INTO "user" (username, password, email, fullname, description) VALUES ('kondreva', '6b86b273ff34fce19d6b804eff5a3f5747ada4eaa22f1d49c01e52ddb7875b4b', 'kondreva@rgkazan.mi.ru', 'Кондрева Ольга', 'test');
INSERT INTO "user" (username, password, email, fullname, description) VALUES ('kor', '6b86b273ff34fce19d6b804eff5a3f5747ada4eaa22f1d49c01e52ddb7875b4b', 'kor@rgkazan.mi.ru', 'Брайловская Светлана ', 'test');
INSERT INTO "user" (username, password, email, fullname, description) VALUES ('koshkav', '6b86b273ff34fce19d6b804eff5a3f5747ada4eaa22f1d49c01e52ddb7875b4b', 'koshkav@yandex.ru', 'Чернышева Виктория', 'test');
INSERT INTO "user" (username, password, email, fullname, description) VALUES ('kras', '6b86b273ff34fce19d6b804eff5a3f5747ada4eaa22f1d49c01e52ddb7875b4b', 'kras@rg.ru', 'Краснянская Виктория', 'test');
INSERT INTO "user" (username, password, email, fullname, description) VALUES ('krimjuly', '6b86b273ff34fce19d6b804eff5a3f5747ada4eaa22f1d49c01e52ddb7875b4b', 'krimjuly@gmail.com', 'Крымова Юлия', 'test');
INSERT INTO "user" (username, password, email, fullname, description) VALUES ('kushnareva', '6b86b273ff34fce19d6b804eff5a3f5747ada4eaa22f1d49c01e52ddb7875b4b', 'kushnareva@rg.ru', 'Кушнарева Ася', 'test');
INSERT INTO "user" (username, password, email, fullname, description) VALUES ('lashkul', '6b86b273ff34fce19d6b804eff5a3f5747ada4eaa22f1d49c01e52ddb7875b4b', 'lashkul@rg.ru', 'Лашкул Никита', 'test');
INSERT INTO "user" (username, password, email, fullname, description) VALUES ('lenacarn2005', '6b86b273ff34fce19d6b804eff5a3f5747ada4eaa22f1d49c01e52ddb7875b4b', 'lenacarn2005@mail.ru', 'Исакова Елена', 'test');
INSERT INTO "user" (username, password, email, fullname, description) VALUES ('litovchenko', '6b86b273ff34fce19d6b804eff5a3f5747ada4eaa22f1d49c01e52ddb7875b4b', 'litovchenko@rg.ru', 'Литовченко Алексей', 'test');
INSERT INTO "user" (username, password, email, fullname, description) VALUES ('lokalov', '6b86b273ff34fce19d6b804eff5a3f5747ada4eaa22f1d49c01e52ddb7875b4b', 'lokalov@rg.ru', 'Локалов Артем', 'test');
INSERT INTO "user" (username, password, email, fullname, description) VALUES ('lolasmit', '6b86b273ff34fce19d6b804eff5a3f5747ada4eaa22f1d49c01e52ddb7875b4b', 'lolasmit@mail.ru', 'Сутула Ольга', 'test');
INSERT INTO "user" (username, password, email, fullname, description) VALUES ('lucia.bellinello', '6b86b273ff34fce19d6b804eff5a3f5747ada4eaa22f1d49c01e52ddb7875b4b', 'lucia.bellinello@rbth.ru', 'Bellinello Lucia ', 'test');
INSERT INTO "user" (username, password, email, fullname, description) VALUES ('m.pinkus', '6b86b273ff34fce19d6b804eff5a3f5747ada4eaa22f1d49c01e52ddb7875b4b', 'm.pinkus@mail.ru', 'Пинкус Михаил', 'test');
INSERT INTO "user" (username, password, email, fullname, description) VALUES ('malikova', '6b86b273ff34fce19d6b804eff5a3f5747ada4eaa22f1d49c01e52ddb7875b4b', 'malikova@rg.ru', 'Маликова Евгения', 'test');
INSERT INTO "user" (username, password, email, fullname, description) VALUES ('malinina', '6b86b273ff34fce19d6b804eff5a3f5747ada4eaa22f1d49c01e52ddb7875b4b', 'malinina@rg.ru', 'Малинина Анна', 'test');
INSERT INTO "user" (username, password, email, fullname, description) VALUES ('malysheva', '6b86b273ff34fce19d6b804eff5a3f5747ada4eaa22f1d49c01e52ddb7875b4b', 'malysheva@rg.ru', 'Малышева Наталья', 'test');
INSERT INTO "user" (username, password, email, fullname, description) VALUES ('man72t', '6b86b273ff34fce19d6b804eff5a3f5747ada4eaa22f1d49c01e52ddb7875b4b', 'man72t@mail.ru', 'Меньшиков Анатолий', 'test');
INSERT INTO "user" (username, password, email, fullname, description) VALUES ('marshak', '6b86b273ff34fce19d6b804eff5a3f5747ada4eaa22f1d49c01e52ddb7875b4b', 'marshak@rg.ru', 'Маршак Илья', 'test');
INSERT INTO "user" (username, password, email, fullname, description) VALUES ('maslova', '6b86b273ff34fce19d6b804eff5a3f5747ada4eaa22f1d49c01e52ddb7875b4b', 'maslova@rg.ru', 'Маслова Татьяна ', 'test');
INSERT INTO "user" (username, password, email, fullname, description) VALUES ('matguka', '6b86b273ff34fce19d6b804eff5a3f5747ada4eaa22f1d49c01e52ddb7875b4b', 'matguka@mail.ru', 'Камаева Айгуль', 'test');
INSERT INTO "user" (username, password, email, fullname, description) VALUES ('maximov', '6b86b273ff34fce19d6b804eff5a3f5747ada4eaa22f1d49c01e52ddb7875b4b', 'maximov@rg.ru', 'Максимов Илья', 'test');
INSERT INTO "user" (username, password, email, fullname, description) VALUES ('mediakat', '6b86b273ff34fce19d6b804eff5a3f5747ada4eaa22f1d49c01e52ddb7875b4b', 'mediakat@yandex.ru', 'Дементьева Екатерина', 'test');
INSERT INTO "user" (username, password, email, fullname, description) VALUES ('melkumyan', '6b86b273ff34fce19d6b804eff5a3f5747ada4eaa22f1d49c01e52ddb7875b4b', 'melkumyan@rg.ru', 'Мелкумян Карина ', 'test');
INSERT INTO "user" (username, password, email, fullname, description) VALUES ('melnik', '6b86b273ff34fce19d6b804eff5a3f5747ada4eaa22f1d49c01e52ddb7875b4b', 'melnik@rg.ru', 'Мельник Оксана', 'test');
INSERT INTO "user" (username, password, email, fullname, description) VALUES ('melnikov', '6b86b273ff34fce19d6b804eff5a3f5747ada4eaa22f1d49c01e52ddb7875b4b', 'melnikov@rg.ru', 'Мельников Андрей', 'test');
INSERT INTO "user" (username, password, email, fullname, description) VALUES ('mil', '6b86b273ff34fce19d6b804eff5a3f5747ada4eaa22f1d49c01e52ddb7875b4b', 'mil@rg-ural.ru', 'Миляева Елена', 'test');
INSERT INTO "user" (username, password, email, fullname, description) VALUES ('mnovikov', '6b86b273ff34fce19d6b804eff5a3f5747ada4eaa22f1d49c01e52ddb7875b4b', 'mnovikov@rg.ru', 'Новиков Максим ', 'test');
INSERT INTO "user" (username, password, email, fullname, description) VALUES ('mogana.ks', '6b86b273ff34fce19d6b804eff5a3f5747ada4eaa22f1d49c01e52ddb7875b4b', 'mogana.ks@gmail.com', 'Семенко Ксения ', 'test');
INSERT INTO "user" (username, password, email, fullname, description) VALUES ('morozova_o', '6b86b273ff34fce19d6b804eff5a3f5747ada4eaa22f1d49c01e52ddb7875b4b', 'morozova_o@rg.ru', 'Ольга Морозова', 'test');
INSERT INTO "user" (username, password, email, fullname, description) VALUES ('morrisspb', '6b86b273ff34fce19d6b804eff5a3f5747ada4eaa22f1d49c01e52ddb7875b4b', 'morrisspb@gmail.com', 'Голубкова Мария', 'test');
INSERT INTO "user" (username, password, email, fullname, description) VALUES ('nad8417', '6b86b273ff34fce19d6b804eff5a3f5747ada4eaa22f1d49c01e52ddb7875b4b', 'nad8417@yandex.ru', 'Столярчук Надежда', 'test');
INSERT INTO "user" (username, password, email, fullname, description) VALUES ('natali-shika', '6b86b273ff34fce19d6b804eff5a3f5747ada4eaa22f1d49c01e52ddb7875b4b', 'natali-shika@yandex.ru', 'Широкова Наталья', 'test');
INSERT INTO "user" (username, password, email, fullname, description) VALUES ('nikiforova', '6b86b273ff34fce19d6b804eff5a3f5747ada4eaa22f1d49c01e52ddb7875b4b', 'nikiforova@rg.ru', 'Никифорова Полина', 'test');
INSERT INTO "user" (username, password, email, fullname, description) VALUES ('nikolavna2-2', '6b86b273ff34fce19d6b804eff5a3f5747ada4eaa22f1d49c01e52ddb7875b4b', 'nikolavna2-2@yandex.ru', 'Грибанова Оксана', 'test');
INSERT INTO "user" (username, password, email, fullname, description) VALUES ('novik.artem', '6b86b273ff34fce19d6b804eff5a3f5747ada4eaa22f1d49c01e52ddb7875b4b', 'novik.artem@gmail.com', 'Новиков Артем ', 'test');
INSERT INTO "user" (username, password, email, fullname, description) VALUES ('nsinetskiy', '6b86b273ff34fce19d6b804eff5a3f5747ada4eaa22f1d49c01e52ddb7875b4b', 'nsinetskiy@rg.ru', 'Синецкий Никита', 'test');
INSERT INTO "user" (username, password, email, fullname, description) VALUES ('nurimanova', '6b86b273ff34fce19d6b804eff5a3f5747ada4eaa22f1d49c01e52ddb7875b4b', 'nurimanova@rg.ru', 'Нуриманова Зульфия ', 'test');
INSERT INTO "user" (username, password, email, fullname, description) VALUES ('obiedkova', '6b86b273ff34fce19d6b804eff5a3f5747ada4eaa22f1d49c01e52ddb7875b4b', 'obiedkova@rg.ru', 'Объедкова Елена', 'test');
INSERT INTO "user" (username, password, email, fullname, description) VALUES ('olle73', '6b86b273ff34fce19d6b804eff5a3f5747ada4eaa22f1d49c01e52ddb7875b4b', 'olle73@mail.ru', 'Горюнова Ольга', 'test');
INSERT INTO "user" (username, password, email, fullname, description) VALUES ('osilbekova.d', '6b86b273ff34fce19d6b804eff5a3f5747ada4eaa22f1d49c01e52ddb7875b4b', 'osilbekova@inbox.ru', 'Осильбекова Дина', 'test');
INSERT INTO "user" (username, password, email, fullname, description) VALUES ('osilbekova.m', '6b86b273ff34fce19d6b804eff5a3f5747ada4eaa22f1d49c01e52ddb7875b4b', 'osilbekova@rg.ru', 'Осильбекова Мария', 'test');
INSERT INTO "user" (username, password, email, fullname, description) VALUES ('ovarlamova', '6b86b273ff34fce19d6b804eff5a3f5747ada4eaa22f1d49c01e52ddb7875b4b', 'ovarlamova@yandex.ru', 'Дмитренко Ольга', 'test');
INSERT INTO "user" (username, password, email, fullname, description) VALUES ('pan', '6b86b273ff34fce19d6b804eff5a3f5747ada4eaa22f1d49c01e52ddb7875b4b', 'pan@rg-ural.ru', 'Панасенко Сергей', 'test');
INSERT INTO "user" (username, password, email, fullname, description) VALUES ('panin', '6b86b273ff34fce19d6b804eff5a3f5747ada4eaa22f1d49c01e52ddb7875b4b', 'panin@rg.ru', 'Панин Георгий', 'test');
INSERT INTO "user" (username, password, email, fullname, description) VALUES ('parshin', '6b86b273ff34fce19d6b804eff5a3f5747ada4eaa22f1d49c01e52ddb7875b4b', 'parshin@rg.ru', 'Паршин Дмитрий', 'test');
INSERT INTO "user" (username, password, email, fullname, description) VALUES ('pavlovam', '6b86b273ff34fce19d6b804eff5a3f5747ada4eaa22f1d49c01e52ddb7875b4b', 'pavlovam@rg.ru', 'Павлова Мария', 'test');
INSERT INTO "user" (username, password, email, fullname, description) VALUES ('peteshova', '6b86b273ff34fce19d6b804eff5a3f5747ada4eaa22f1d49c01e52ddb7875b4b', 'peteshova@rg.ru', 'Петешова Елена ', 'test');
INSERT INTO "user" (username, password, email, fullname, description) VALUES ('petrovan', '6b86b273ff34fce19d6b804eff5a3f5747ada4eaa22f1d49c01e52ddb7875b4b', 'petrovan@rg.ru', 'Петров Алексей', 'test');
INSERT INTO "user" (username, password, email, fullname, description) VALUES ('petyaeva', '6b86b273ff34fce19d6b804eff5a3f5747ada4eaa22f1d49c01e52ddb7875b4b', 'petyaeva@rg.ru', 'Петяева Анна', 'test');
INSERT INTO "user" (username, password, email, fullname, description) VALUES ('pichurina45', '6b86b273ff34fce19d6b804eff5a3f5747ada4eaa22f1d49c01e52ddb7875b4b', 'pichurina45@mail.ru', 'Пичурина Валентина', 'test');
INSERT INTO "user" (username, password, email, fullname, description) VALUES ('pkolga76', '6b86b273ff34fce19d6b804eff5a3f5747ada4eaa22f1d49c01e52ddb7875b4b', 'pkolga76@gmail.com', 'Бухарова Ольга', 'test');
INSERT INTO "user" (username, password, email, fullname, description) VALUES ('polina.kortina', '6b86b273ff34fce19d6b804eff5a3f5747ada4eaa22f1d49c01e52ddb7875b4b', 'polina.kortina@rbth.ru', 'Kortina Polina ', 'test');
INSERT INTO "user" (username, password, email, fullname, description) VALUES ('pomeshchikova', '6b86b273ff34fce19d6b804eff5a3f5747ada4eaa22f1d49c01e52ddb7875b4b', 'pomeshchikova@rg.ru', 'Помещикова Ольга', 'test');
INSERT INTO "user" (username, password, email, fullname, description) VALUES ('pr2', '6b86b273ff34fce19d6b804eff5a3f5747ada4eaa22f1d49c01e52ddb7875b4b', 'pr2@rg-ural.ru', 'Швабауэр Наталия', 'test');
INSERT INTO "user" (username, password, email, fullname, description) VALUES ('prasolov', '6b86b273ff34fce19d6b804eff5a3f5747ada4eaa22f1d49c01e52ddb7875b4b', 'prasolov@rg.ru', 'Прасолов Олег', 'test');
INSERT INTO "user" (username, password, email, fullname, description) VALUES ('promyshlyaeva', '6b86b273ff34fce19d6b804eff5a3f5747ada4eaa22f1d49c01e52ddb7875b4b', 'promyshlyaeva@rg.ru', 'Промышляева Олеся', 'test');
INSERT INTO "user" (username, password, email, fullname, description) VALUES ('ptax66', '6b86b273ff34fce19d6b804eff5a3f5747ada4eaa22f1d49c01e52ddb7875b4b', 'ptax66@bk.ru', 'Войтович Ирина', 'test');
INSERT INTO "user" (username, password, email, fullname, description) VALUES ('ptr2002', '6b86b273ff34fce19d6b804eff5a3f5747ada4eaa22f1d49c01e52ddb7875b4b', 'ptr2002@mail.ru', 'Патрикеева Юлия', 'test');
INSERT INTO "user" (username, password, email, fullname, description) VALUES ('pulya', '6b86b273ff34fce19d6b804eff5a3f5747ada4eaa22f1d49c01e52ddb7875b4b', 'pulya@rbth.ru', 'Pulya Vsevolod', 'test');
INSERT INTO "user" (username, password, email, fullname, description) VALUES ('pusto-pusto', '6b86b273ff34fce19d6b804eff5a3f5747ada4eaa22f1d49c01e52ddb7875b4b', 'pusto-pusto@list.ru', 'Субботин Георгий', 'test');
INSERT INTO "user" (username, password, email, fullname, description) VALUES ('raichev', '6b86b273ff34fce19d6b804eff5a3f5747ada4eaa22f1d49c01e52ddb7875b4b', 'raichev@list.ru', 'Раичев Дмитрий', 'test');
INSERT INTO "user" (username, password, email, fullname, description) VALUES ('ramilya_tr', '6b86b273ff34fce19d6b804eff5a3f5747ada4eaa22f1d49c01e52ddb7875b4b', 'ramilya_tr@mail.ru', 'Туктарова Рамиля', 'test');
INSERT INTO "user" (username, password, email, fullname, description) VALUES ('razuvaeva', '6b86b273ff34fce19d6b804eff5a3f5747ada4eaa22f1d49c01e52ddb7875b4b', 'razuvaeva@rg.ru', 'Разуваева Ольга', 'test');
INSERT INTO "user" (username, password, email, fullname, description) VALUES ('redaktor2', '6b86b273ff34fce19d6b804eff5a3f5747ada4eaa22f1d49c01e52ddb7875b4b', 'redaktor2@rgkazan.mi.ru', 'Аристова Галина', 'test');
INSERT INTO "user" (username, password, email, fullname, description) VALUES ('rg-saransk', '6b86b273ff34fce19d6b804eff5a3f5747ada4eaa22f1d49c01e52ddb7875b4b', 'rg-saransk@bk.ru', 'Зотикова Валентина', 'test');
INSERT INTO "user" (username, password, email, fullname, description) VALUES ('rg-tver', '6b86b273ff34fce19d6b804eff5a3f5747ada4eaa22f1d49c01e52ddb7875b4b', 'rg-tver@yandex.ru', 'Кузнецов Денис', 'test');
INSERT INTO "user" (username, password, email, fullname, description) VALUES ('rgkaterina', '6b86b273ff34fce19d6b804eff5a3f5747ada4eaa22f1d49c01e52ddb7875b4b', 'rgkaterina@inbox.ru', 'Ковалевская Екатерина', 'test');
INSERT INTO "user" (username, password, email, fullname, description) VALUES ('rgkazan-inet', '6b86b273ff34fce19d6b804eff5a3f5747ada4eaa22f1d49c01e52ddb7875b4b', 'rgkazan-inet@yandex.ru', 'Алимов Тимур', 'test');
INSERT INTO "user" (username, password, email, fullname, description) VALUES ('rgskfo', '6b86b273ff34fce19d6b804eff5a3f5747ada4eaa22f1d49c01e52ddb7875b4b', 'rgskfo@mail.ru', 'Брежицкая Елена ', 'test');
INSERT INTO "user" (username, password, email, fullname, description) VALUES ('rgstav', '6b86b273ff34fce19d6b804eff5a3f5747ada4eaa22f1d49c01e52ddb7875b4b', 'rgstav@yandex.ru', 'Емельянова Светлана ', 'test');
INSERT INTO "user" (username, password, email, fullname, description) VALUES ('rgural', '6b86b273ff34fce19d6b804eff5a3f5747ada4eaa22f1d49c01e52ddb7875b4b', 'rgural@rg-ural.ru', 'Резникова Юлия', 'test');
INSERT INTO "user" (username, password, email, fullname, description) VALUES ('rkiselev', '6b86b273ff34fce19d6b804eff5a3f5747ada4eaa22f1d49c01e52ddb7875b4b', 'rkiselev@rbth.ru', 'Kiselev Roman ', 'test');
INSERT INTO "user" (username, password, email, fullname, description) VALUES ('romrom1983', '6b86b273ff34fce19d6b804eff5a3f5747ada4eaa22f1d49c01e52ddb7875b4b', 'romrom1983@bk.ru', 'Романенко Роман', 'test');
INSERT INTO "user" (username, password, email, fullname, description) VALUES ('Rudavina', '6b86b273ff34fce19d6b804eff5a3f5747ada4eaa22f1d49c01e52ddb7875b4b', 'Rudavina@rg.ru', 'Рудавина Татьяна', 'test');
INSERT INTO "user" (username, password, email, fullname, description) VALUES ('ruleva', '6b86b273ff34fce19d6b804eff5a3f5747ada4eaa22f1d49c01e52ddb7875b4b', 'ruleva@rg-ural.ru', 'Рулева Наталья', 'test');
INSERT INTO "user" (username, password, email, fullname, description) VALUES ('s.sobolev', '6b86b273ff34fce19d6b804eff5a3f5747ada4eaa22f1d49c01e52ddb7875b4b', 's.sobolev@rg.ru', 'Соболев Сергей', 'test');
INSERT INTO "user" (username, password, email, fullname, description) VALUES ('sadriev', '6b86b273ff34fce19d6b804eff5a3f5747ada4eaa22f1d49c01e52ddb7875b4b', 'sadriev@rg.ru', 'Садриев Ильмас', 'test');
INSERT INTO "user" (username, password, email, fullname, description) VALUES ('samar', '6b86b273ff34fce19d6b804eff5a3f5747ada4eaa22f1d49c01e52ddb7875b4b', 'samar@rg.ru', 'Самарская Мария', 'test');
INSERT INTO "user" (username, password, email, fullname, description) VALUES ('san', '6b86b273ff34fce19d6b804eff5a3f5747ada4eaa22f1d49c01e52ddb7875b4b', 'san@rg-ural.ru', 'Санатина Юлия', 'test');
INSERT INTO "user" (username, password, email, fullname, description) VALUES ('satoyusuke', '6b86b273ff34fce19d6b804eff5a3f5747ada4eaa22f1d49c01e52ddb7875b4b', 'satoyusuke@list.ru', 'Yusuke Sato ', 'test');
INSERT INTO "user" (username, password, email, fullname, description) VALUES ('sedkov', '6b86b273ff34fce19d6b804eff5a3f5747ada4eaa22f1d49c01e52ddb7875b4b', 'sedkov@rg.ru', 'Седьков Дмитрий', 'test');
INSERT INTO "user" (username, password, email, fullname, description) VALUES ('shamilkerashev', '6b86b273ff34fce19d6b804eff5a3f5747ada4eaa22f1d49c01e52ddb7875b4b', 'shamilkerashev@gmail.com', 'Керашев Шамиль', 'test');
INSERT INTO "user" (username, password, email, fullname, description) VALUES ('shashaeva', '6b86b273ff34fce19d6b804eff5a3f5747ada4eaa22f1d49c01e52ddb7875b4b', 'shashaeva@rg.ru', 'Шашаева Мария', 'test');
INSERT INTO "user" (username, password, email, fullname, description) VALUES ('shestakov', '6b86b273ff34fce19d6b804eff5a3f5747ada4eaa22f1d49c01e52ddb7875b4b', 'shestakov@rg.perm.ru', 'Шестаков Александр', 'test');
INSERT INTO "user" (username, password, email, fullname, description) VALUES ('shu_lena', '6b86b273ff34fce19d6b804eff5a3f5747ada4eaa22f1d49c01e52ddb7875b4b', 'shu_lena@mail.ru', 'Шулепова Елена', 'test');
INSERT INTO "user" (username, password, email, fullname, description) VALUES ('simonov', '6b86b273ff34fce19d6b804eff5a3f5747ada4eaa22f1d49c01e52ddb7875b4b', 'simonov@rg.ru', 'Симонов Павел ', 'test');
INSERT INTO "user" (username, password, email, fullname, description) VALUES ('site', '6b86b273ff34fce19d6b804eff5a3f5747ada4eaa22f1d49c01e52ddb7875b4b', 'site@rg-ural.ru', 'Воробьева Татьяна', 'test');
INSERT INTO "user" (username, password, email, fullname, description) VALUES ('skorpy5', '6b86b273ff34fce19d6b804eff5a3f5747ada4eaa22f1d49c01e52ddb7875b4b', 'skorpy5@mail.ru', 'Мационг Елена', 'test');
INSERT INTO "user" (username, password, email, fullname, description) VALUES ('smeyukha', '6b86b273ff34fce19d6b804eff5a3f5747ada4eaa22f1d49c01e52ddb7875b4b', 'smeyukha@rg.ru', 'Смеюха Виктор ', 'test');
INSERT INTO "user" (username, password, email, fullname, description) VALUES ('soldatenkov', '6b86b273ff34fce19d6b804eff5a3f5747ada4eaa22f1d49c01e52ddb7875b4b', 'soldatenkov@rg.ru', 'Солдатенков Максим', 'test');
INSERT INTO "user" (username, password, email, fullname, description) VALUES ('sosnovsky', '6b86b273ff34fce19d6b804eff5a3f5747ada4eaa22f1d49c01e52ddb7875b4b', 'sosnovsky@rg.ru', 'Сосновский Дмитрий', 'test');
INSERT INTO "user" (username, password, email, fullname, description) VALUES ('suhorukova', '6b86b273ff34fce19d6b804eff5a3f5747ada4eaa22f1d49c01e52ddb7875b4b', 'suhorukova@rg.ru', 'Сухорукова Анастасия', 'test');
INSERT INTO "user" (username, password, email, fullname, description) VALUES ('suvorova', '6b86b273ff34fce19d6b804eff5a3f5747ada4eaa22f1d49c01e52ddb7875b4b', 'suvorova@agima.ru', 'Суварова Юлия ', 'test');
INSERT INTO "user" (username, password, email, fullname, description) VALUES ('svetarg', '6b86b273ff34fce19d6b804eff5a3f5747ada4eaa22f1d49c01e52ddb7875b4b', 'svetarg@yandex.ru', 'Песоцкая Светлана', 'test');
INSERT INTO "user" (username, password, email, fullname, description) VALUES ('svetl', '6b86b273ff34fce19d6b804eff5a3f5747ada4eaa22f1d49c01e52ddb7875b4b', 'svetl@rg-ural.ru', 'Добрынина Светлана', 'test');
INSERT INTO "user" (username, password, email, fullname, description) VALUES ('svetlana-tsygankova', '6b86b273ff34fce19d6b804eff5a3f5747ada4eaa22f1d49c01e52ddb7875b4b', 'svetlana-tsygankova@yandex.ru', 'Цыганкова Светлана', 'test');
INSERT INTO "user" (username, password, email, fullname, description) VALUES ('swan75', '6b86b273ff34fce19d6b804eff5a3f5747ada4eaa22f1d49c01e52ddb7875b4b', 'swan75@mail.ru', 'Дмитракова Татьяна', 'test');
INSERT INTO "user" (username, password, email, fullname, description) VALUES ('tata010', '6b86b273ff34fce19d6b804eff5a3f5747ada4eaa22f1d49c01e52ddb7875b4b', 'tata010@yandex.ru', 'Саванкова Наталья', 'test');
INSERT INTO "user" (username, password, email, fullname, description) VALUES ('tatiana-rg', '6b86b273ff34fce19d6b804eff5a3f5747ada4eaa22f1d49c01e52ddb7875b4b', 'tatiana-rg@yandex.ru', 'Ермошкина Татьяна', 'test');
INSERT INTO "user" (username, password, email, fullname, description) VALUES ('tatyana.shramchenko', '6b86b273ff34fce19d6b804eff5a3f5747ada4eaa22f1d49c01e52ddb7875b4b', 'tatyana.shramchenko@rbth.ru', 'Shramchenko Tatiana ', 'test');
INSERT INTO "user" (username, password, email, fullname, description) VALUES ('telyatnikova', '6b86b273ff34fce19d6b804eff5a3f5747ada4eaa22f1d49c01e52ddb7875b4b', 'telyatnikova@rg.ru', 'Телятникова Снежана', 'test');
INSERT INTO "user" (username, password, email, fullname, description) VALUES ('tenevaya', '6b86b273ff34fce19d6b804eff5a3f5747ada4eaa22f1d49c01e52ddb7875b4b', 'tenevaya@gmail.com', 'Чубарова Ольга', 'test');
INSERT INTO "user" (username, password, email, fullname, description) VALUES ('test', '6b86b273ff34fce19d6b804eff5a3f5747ada4eaa22f1d49c01e52ddb7875b4b', 'test@test.com', 'Тест Тест ', 'test');
INSERT INTO "user" (username, password, email, fullname, description) VALUES ('tkolesnikova', '6b86b273ff34fce19d6b804eff5a3f5747ada4eaa22f1d49c01e52ddb7875b4b', 'tkolesnikova@rg.ru', 'Колесникова Татьяна ', 'test');
INSERT INTO "user" (username, password, email, fullname, description) VALUES ('tovprapor', '6b86b273ff34fce19d6b804eff5a3f5747ada4eaa22f1d49c01e52ddb7875b4b', 'tovprapor@yandex.ru', 'Словохотов Сергей', 'test');
INSERT INTO "user" (username, password, email, fullname, description) VALUES ('trhn', '6b86b273ff34fce19d6b804eff5a3f5747ada4eaa22f1d49c01e52ddb7875b4b', 'trhn@mail.ru', 'Труханова Элина', 'test');
INSERT INTO "user" (username, password, email, fullname, description) VALUES ('trir76', '6b86b273ff34fce19d6b804eff5a3f5747ada4eaa22f1d49c01e52ddb7875b4b', 'trir76@inbox.ru', 'Бикбаев Марсель', 'test');
INSERT INTO "user" (username, password, email, fullname, description) VALUES ('tromanova', '6b86b273ff34fce19d6b804eff5a3f5747ada4eaa22f1d49c01e52ddb7875b4b', 'tromanova@rg.ru', 'Романова Татьяна', 'test');
INSERT INTO "user" (username, password, email, fullname, description) VALUES ('trubko', '6b86b273ff34fce19d6b804eff5a3f5747ada4eaa22f1d49c01e52ddb7875b4b', 'trubko@rg.ru', 'Трубко Мария', 'test');
INSERT INTO "user" (username, password, email, fullname, description) VALUES ('trusova', '6b86b273ff34fce19d6b804eff5a3f5747ada4eaa22f1d49c01e52ddb7875b4b', 'trusova@rg.ru', 'Трусова Анастасия', 'test');
INSERT INTO "user" (username, password, email, fullname, description) VALUES ('tuktarova', '6b86b273ff34fce19d6b804eff5a3f5747ada4eaa22f1d49c01e52ddb7875b4b', 'tuktarova@rg.ru', 'Туктарова Рамиля', 'test');
INSERT INTO "user" (username, password, email, fullname, description) VALUES ('turkova.1', '6b86b273ff34fce19d6b804eff5a3f5747ada4eaa22f1d49c01e52ddb7875b4b', 'turkova.1@mail.ru', 'Туркова Татьяна ', 'test');
INSERT INTO "user" (username, password, email, fullname, description) VALUES ('usov', '6b86b273ff34fce19d6b804eff5a3f5747ada4eaa22f1d49c01e52ddb7875b4b', 'usov@rg.ru', 'Усов Денис', 'test');
INSERT INTO "user" (username, password, email, fullname, description) VALUES ('uvylegzhanina', '6b86b273ff34fce19d6b804eff5a3f5747ada4eaa22f1d49c01e52ddb7875b4b', 'uvylegzhanina@yandex.ru', 'Вылегжанина Ульяна', 'test');
INSERT INTO "user" (username, password, email, fullname, description) VALUES ('v_ms', '6b86b273ff34fce19d6b804eff5a3f5747ada4eaa22f1d49c01e52ddb7875b4b', 'v_ms@mail.ru', 'Волкова Мария', 'test');
INSERT INTO "user" (username, password, email, fullname, description) VALUES ('v.cherenewa', '6b86b273ff34fce19d6b804eff5a3f5747ada4eaa22f1d49c01e52ddb7875b4b', 'v.cherenewa@yandex.ru', 'Черенева Вера', 'test');
INSERT INTO "user" (username, password, email, fullname, description) VALUES ('vadim_dav', '6b86b273ff34fce19d6b804eff5a3f5747ada4eaa22f1d49c01e52ddb7875b4b', 'vadim_dav@rambler.ru', 'Давыденко Вадим', 'test');
INSERT INTO "user" (username, password, email, fullname, description) VALUES ('valkichin', '6b86b273ff34fce19d6b804eff5a3f5747ada4eaa22f1d49c01e52ddb7875b4b', 'valkichin@mail.ru', 'Кичин Валерий', 'test');
INSERT INTO "user" (username, password, email, fullname, description) VALUES ('varyukhina', '6b86b273ff34fce19d6b804eff5a3f5747ada4eaa22f1d49c01e52ddb7875b4b', 'varyukhina@rg.ru', 'Варюхина Екатерина', 'test');
INSERT INTO "user" (username, password, email, fullname, description) VALUES ('vbpetrov', '6b86b273ff34fce19d6b804eff5a3f5747ada4eaa22f1d49c01e52ddb7875b4b', 'vbpetrov@mail.ru', 'Петров Владимир', 'test');
INSERT INTO "user" (username, password, email, fullname, description) VALUES ('victor', '6b86b273ff34fce19d6b804eff5a3f5747ada4eaa22f1d49c01e52ddb7875b4b', 'victor@rg.nnov.ru', 'Девицын Виктор', 'test');
INSERT INTO "user" (username, password, email, fullname, description) VALUES ('voronina-andreeva', '6b86b273ff34fce19d6b804eff5a3f5747ada4eaa22f1d49c01e52ddb7875b4b', 'voronina-andreeva@yandex.ru', 'Воронина Дарья', 'test');
INSERT INTO "user" (username, password, email, fullname, description) VALUES ('vovata', '6b86b273ff34fce19d6b804eff5a3f5747ada4eaa22f1d49c01e52ddb7875b4b', 'vovata@yandex.ru', 'Таюрский Владимир', 'test');
INSERT INTO "user" (username, password, email, fullname, description) VALUES ('vrynishka_ya', '6b86b273ff34fce19d6b804eff5a3f5747ada4eaa22f1d49c01e52ddb7875b4b', 'vrynishka_ya@mail.ru', 'Бондаренко Ольга', 'test');
INSERT INTO "user" (username, password, email, fullname, description) VALUES ('vs-anti', '6b86b273ff34fce19d6b804eff5a3f5747ada4eaa22f1d49c01e52ddb7875b4b', 'vs-anti@yandex.ru', 'Латухина Кира ', 'test');
INSERT INTO "user" (username, password, email, fullname, description) VALUES ('vyunok79', '6b86b273ff34fce19d6b804eff5a3f5747ada4eaa22f1d49c01e52ddb7875b4b', 'vyunok79@mail.ru', 'Лобанова Екатерина', 'test');
INSERT INTO "user" (username, password, email, fullname, description) VALUES ('yuliyasyrova111', '6b86b273ff34fce19d6b804eff5a3f5747ada4eaa22f1d49c01e52ddb7875b4b', 'yuliyasyrova111@gmail.com', 'Колбина Юлия', 'test');
INSERT INTO "user" (username, password, email, fullname, description) VALUES ('yurchak', '6b86b273ff34fce19d6b804eff5a3f5747ada4eaa22f1d49c01e52ddb7875b4b', 'yurchak@rg.ru', 'Юрчак Виталий', 'test');
INSERT INTO "user" (username, password, email, fullname, description) VALUES ('yzubko', '6b86b273ff34fce19d6b804eff5a3f5747ada4eaa22f1d49c01e52ddb7875b4b', 'yzubko@rg.ru', 'Зубко Юрий', 'test');
INSERT INTO "user" (username, password, email, fullname, description) VALUES ('zadunayskaya', '6b86b273ff34fce19d6b804eff5a3f5747ada4eaa22f1d49c01e52ddb7875b4b', 'zadunayskaya@rg.ru', 'Задунайская Оксана', 'test');
INSERT INTO "user" (username, password, email, fullname, description) VALUES ('zakiev', '6b86b273ff34fce19d6b804eff5a3f5747ada4eaa22f1d49c01e52ddb7875b4b', 'zakiev@rg.ru', 'Закиев Ренат', 'test');
INSERT INTO "user" (username, password, email, fullname, description) VALUES ('zakieva', '6b86b273ff34fce19d6b804eff5a3f5747ada4eaa22f1d49c01e52ddb7875b4b', 'zakieva@rg.ru', 'Закиева Гульнара ', 'test');
INSERT INTO "user" (username, password, email, fullname, description) VALUES ('zhilyaev', '6b86b273ff34fce19d6b804eff5a3f5747ada4eaa22f1d49c01e52ddb7875b4b', 'zhilyaev@rg.ru', 'Жиляев Данила', 'test');
INSERT INTO "user" (username, password, email, fullname, description) VALUES ('zinchenko', '6b86b273ff34fce19d6b804eff5a3f5747ada4eaa22f1d49c01e52ddb7875b4b', 'zinchenko@rg.ru', 'Зинченко Алексей ', 'test');
INSERT INTO "user" (username, password, email, fullname, description) VALUES ('zinkler', '6b86b273ff34fce19d6b804eff5a3f5747ada4eaa22f1d49c01e52ddb7875b4b', 'zinkler@yandex.ru', 'Цинклер Евгения', 'test');
INSERT INTO "user" (username, password, email, fullname, description) VALUES ('zzzebra', '6b86b273ff34fce19d6b804eff5a3f5747ada4eaa22f1d49c01e52ddb7875b4b', 'zzzebra@gmail.com', 'Благовещенский Антон', 'test');




INSERT INTO app_user_role (appname, username, rolename) VALUES ('app34', 'melkumyan', 'app34_editor');
INSERT INTO app_user_role (appname, username, rolename) VALUES ('app38', 'tuktarova', 'app38_editor');
INSERT INTO app_user_role (appname, username, rolename) VALUES ('pravo_rg_ru', 'krimjuly', 'pravo_rg_ru_editor');
INSERT INTO app_user_role (appname, username, rolename) VALUES ('node1', 'FKazakovK', 'app1_editor');
INSERT INTO app_user_role (appname, username, rolename) VALUES ('app28', 'anna_alex_', 'app28_editor');
INSERT INTO app_user_role (appname, username, rolename) VALUES ('pravo_rg_ru', 'glushenkov', 'pravo_rg_ru_editor');
INSERT INTO app_user_role (appname, username, rolename) VALUES ('app35', 'julia_gardner_rg', 'app35_editor');
INSERT INTO app_user_role (appname, username, rolename) VALUES ('app37', 'sedkov', 'app37_editor');
INSERT INTO app_user_role (appname, username, rolename) VALUES ('app14', 'malikova', 'app14_editor');
INSERT INTO app_user_role (appname, username, rolename) VALUES ('app38', 'max', 'app38_editor');
INSERT INTO app_user_role (appname, username, rolename) VALUES ('app14', 'melnik', 'app14_editor');
INSERT INTO app_user_role (appname, username, rolename) VALUES ('app31', 'nad8417', 'app31_editor');
INSERT INTO app_user_role (appname, username, rolename) VALUES ('node2', 'yuliyasyrova111', 'app2_editor');
INSERT INTO app_user_role (appname, username, rolename) VALUES ('app25', 'grafn', 'app25_editor');
INSERT INTO app_user_role (appname, username, rolename) VALUES ('app31', 'zakieva', 'app31_editor');
INSERT INTO app_user_role (appname, username, rolename) VALUES ('app24', 'FKazakovK', 'app24_editor');
INSERT INTO app_user_role (appname, username, rolename) VALUES ('app24', 'deeva', 'app24_editor');
INSERT INTO app_user_role (appname, username, rolename) VALUES ('app20', 'andreyandreev1961', 'app20_editor');
INSERT INTO app_user_role (appname, username, rolename) VALUES ('app37', 'morrisspb', 'app37_editor');
INSERT INTO app_user_role (appname, username, rolename) VALUES ('app14', 'petrovan', 'app14_editor');
INSERT INTO app_user_role (appname, username, rolename) VALUES ('app27', 'vyunok79', 'app27_editor');
INSERT INTO app_user_role (appname, username, rolename) VALUES ('app26', 'buynaya', 'app26_editor');
INSERT INTO app_user_role (appname, username, rolename) VALUES ('app30', 'voronina-andreeva', 'app30_editor');
INSERT INTO app_user_role (appname, username, rolename) VALUES ('app35', 'rgkaterina', 'app35_editor');
INSERT INTO app_user_role (appname, username, rolename) VALUES ('app13', 'ivanitskaya', 'app13_editor');
INSERT INTO app_user_role (appname, username, rolename) VALUES ('node2', 'zinkler', 'app2_editor');
INSERT INTO app_user_role (appname, username, rolename) VALUES ('app12', 'andreyandreev1961', 'app12_editor');
INSERT INTO app_user_role (appname, username, rolename) VALUES ('app10', 'busuek', 'app10_editor');
INSERT INTO app_user_role (appname, username, rolename) VALUES ('app15', 'andreyandreev1961', 'app15_editor');
INSERT INTO app_user_role (appname, username, rolename) VALUES ('auth', 'glushenkov', 'auth_editor');
INSERT INTO app_user_role (appname, username, rolename) VALUES ('app17', 'chagin', 'app17_editor');
INSERT INTO app_user_role (appname, username, rolename) VALUES ('app11', 'grishenko', 'app11_editor');
INSERT INTO app_user_role (appname, username, rolename) VALUES ('app24', 'zakiev', 'app24_editor');
INSERT INTO app_user_role (appname, username, rolename) VALUES ('app27', 'smeyukha', 'app27_editor');
INSERT INTO app_user_role (appname, username, rolename) VALUES ('app13', 'vs-anti', 'app13_editor');
INSERT INTO app_user_role (appname, username, rolename) VALUES ('app20', 'parshin', 'app20_editor');
INSERT INTO app_user_role (appname, username, rolename) VALUES ('app25', 'vadim_dav', 'app25_editor');
INSERT INTO app_user_role (appname, username, rolename) VALUES ('app18', 'agur', 'app18_editor');
INSERT INTO app_user_role (appname, username, rolename) VALUES ('app31', 'e.savchenko743', 'app31_editor');
INSERT INTO app_user_role (appname, username, rolename) VALUES ('app29', 'pomeshchikova', 'app29_editor');
INSERT INTO app_user_role (appname, username, rolename) VALUES ('app30', 'telyatnikova', 'app30_editor');
INSERT INTO app_user_role (appname, username, rolename) VALUES ('app20', 'lenacarn2005', 'app20_editor');
INSERT INTO app_user_role (appname, username, rolename) VALUES ('app35', 'vbpetrov', 'app35_editor');
INSERT INTO app_user_role (appname, username, rolename) VALUES ('app37', 'fofana', 'app37_editor');
INSERT INTO app_user_role (appname, username, rolename) VALUES ('app34', 'rgkaterina', 'app34_editor');
INSERT INTO app_user_role (appname, username, rolename) VALUES ('app16', 'agur', 'app16_editor');
INSERT INTO app_user_role (appname, username, rolename) VALUES ('app26', 'FKazakovK', 'app26_editor');
INSERT INTO app_user_role (appname, username, rolename) VALUES ('app22', 'gerasimenkoe', 'app22_editor');
INSERT INTO app_user_role (appname, username, rolename) VALUES ('app19', 'kushnareva', 'app19_editor');
INSERT INTO app_user_role (appname, username, rolename) VALUES ('node1', 'kandy68', 'app1_editor');
INSERT INTO app_user_role (appname, username, rolename) VALUES ('app36', 'zinkler', 'app36_editor');
INSERT INTO app_user_role (appname, username, rolename) VALUES ('app10', 'sosnovsky', 'app10_editor');
INSERT INTO app_user_role (appname, username, rolename) VALUES ('app25', 'suhorukova', 'app25_editor');
INSERT INTO app_user_role (appname, username, rolename) VALUES ('app38', 'kasya20', 'app38_editor');
INSERT INTO app_user_role (appname, username, rolename) VALUES ('app33', 'Rudavina', 'app33_editor');
INSERT INTO app_user_role (appname, username, rolename) VALUES ('app18', 'yurchak', 'app18_editor');
INSERT INTO app_user_role (appname, username, rolename) VALUES ('app31', 'pavlovam', 'app31_editor');
INSERT INTO app_user_role (appname, username, rolename) VALUES ('app14', 'bbkilin', 'app14_editor');
INSERT INTO app_user_role (appname, username, rolename) VALUES ('app19', 'maximov', 'app19_editor');
INSERT INTO app_user_role (appname, username, rolename) VALUES ('app28', 'yurchak', 'app28_editor');
INSERT INTO app_user_role (appname, username, rolename) VALUES ('app22', 'malinina', 'app22_editor');
INSERT INTO app_user_role (appname, username, rolename) VALUES ('node2', 'esolovyev', 'app2_editor');
INSERT INTO app_user_role (appname, username, rolename) VALUES ('app18', 'tata010', 'app18_editor');
INSERT INTO app_user_role (appname, username, rolename) VALUES ('app13', 'rg-tver', 'app13_editor');
INSERT INTO app_user_role (appname, username, rolename) VALUES ('app32', 'natali-shika', 'app32_editor');
INSERT INTO app_user_role (appname, username, rolename) VALUES ('app24', 'vyunok79', 'app24_editor');
INSERT INTO app_user_role (appname, username, rolename) VALUES ('app16', 'julia_gardner_rg', 'app16_editor');
INSERT INTO app_user_role (appname, username, rolename) VALUES ('app11', 'tatiana-rg', 'app11_editor');
INSERT INTO app_user_role (appname, username, rolename) VALUES ('node2', 'kolesnikov', 'app2_editor');
INSERT INTO app_user_role (appname, username, rolename) VALUES ('app27', 'kondreva', 'app27_editor');
INSERT INTO app_user_role (appname, username, rolename) VALUES ('app28', 'olle73', 'app28_editor');
INSERT INTO app_user_role (appname, username, rolename) VALUES ('app22', 'alex', 'app22_editor');
INSERT INTO app_user_role (appname, username, rolename) VALUES ('auth', 'rgkaterina', 'auth_editor');
INSERT INTO app_user_role (appname, username, rolename) VALUES ('app12', 'krimjuly', 'app12_editor');
INSERT INTO app_user_role (appname, username, rolename) VALUES ('app21', 'simonov', 'app21_editor');
INSERT INTO app_user_role (appname, username, rolename) VALUES ('node2', 'alex3755', 'app2_editor');
INSERT INTO app_user_role (appname, username, rolename) VALUES ('app27', 'carminesaviano', 'app27_editor');
INSERT INTO app_user_role (appname, username, rolename) VALUES ('app15', 'osilbekova.m', 'app15_editor');
INSERT INTO app_user_role (appname, username, rolename) VALUES ('app33', 'pichurina45', 'app33_editor');
INSERT INTO app_user_role (appname, username, rolename) VALUES ('app34', 'agur', 'app34_editor');
INSERT INTO app_user_role (appname, username, rolename) VALUES ('pravo_rg_ru', 'lokalov', 'pravo_rg_ru_editor');
INSERT INTO app_user_role (appname, username, rolename) VALUES ('app34', 'carminesaviano', 'app34_editor');
INSERT INTO app_user_role (appname, username, rolename) VALUES ('rg', 'turkova.1', 'rg_editor');
INSERT INTO app_user_role (appname, username, rolename) VALUES ('app37', 'lenacarn2005', 'app37_editor');
INSERT INTO app_user_role (appname, username, rolename) VALUES ('app17', 'annafedor2009', 'app17_editor');
INSERT INTO app_user_role (appname, username, rolename) VALUES ('app30', 'barsuk', 'app30_editor');
INSERT INTO app_user_role (appname, username, rolename) VALUES ('app13', '7101159', 'app13_editor');
INSERT INTO app_user_role (appname, username, rolename) VALUES ('pravo_rg_ru', 'rgstav', 'pravo_rg_ru_editor');
INSERT INTO app_user_role (appname, username, rolename) VALUES ('app17', 'trubko', 'app17_editor');
INSERT INTO app_user_role (appname, username, rolename) VALUES ('app31', 'tatiana-rg', 'app31_editor');
INSERT INTO app_user_role (appname, username, rolename) VALUES ('app26', 'front09', 'app26_editor');
INSERT INTO app_user_role (appname, username, rolename) VALUES ('app11', 'fofana', 'app11_editor');
INSERT INTO app_user_role (appname, username, rolename) VALUES ('app22', 'carminesaviano', 'app22_editor');
INSERT INTO app_user_role (appname, username, rolename) VALUES ('app22', 'kolmykova', 'app22_editor');
INSERT INTO app_user_role (appname, username, rolename) VALUES ('app25', 'skorpy5', 'app25_editor');
INSERT INTO app_user_role (appname, username, rolename) VALUES ('app23', 'alex3755', 'app23_editor');
INSERT INTO app_user_role (appname, username, rolename) VALUES ('node1', 'man72t', 'app1_editor');
INSERT INTO app_user_role (appname, username, rolename) VALUES ('app27', 'idrobysheva', 'app27_editor');
INSERT INTO app_user_role (appname, username, rolename) VALUES ('app13', 'elisaveta_golub', 'app13_editor');
INSERT INTO app_user_role (appname, username, rolename) VALUES ('node2', 'chernyshev', 'app2_editor');
INSERT INTO app_user_role (appname, username, rolename) VALUES ('app13', 'panin', 'app13_editor');
INSERT INTO app_user_role (appname, username, rolename) VALUES ('pravo_rg_ru', 'uvylegzhanina', 'pravo_rg_ru_editor');
INSERT INTO app_user_role (appname, username, rolename) VALUES ('rg', 'aleksanyan', 'rg_editor');
INSERT INTO app_user_role (appname, username, rolename) VALUES ('app11', 'chulkov', 'app11_editor');
INSERT INTO app_user_role (appname, username, rolename) VALUES ('app28', 'turkova.1', 'app28_editor');
INSERT INTO app_user_role (appname, username, rolename) VALUES ('app11', 'trhn', 'app11_editor');
INSERT INTO app_user_role (appname, username, rolename) VALUES ('node2', 'maximov', 'app2_editor');
INSERT INTO app_user_role (appname, username, rolename) VALUES ('app29', 'tuktarova', 'app29_editor');
INSERT INTO app_user_role (appname, username, rolename) VALUES ('app10', 'izubko', 'app10_editor');
INSERT INTO app_user_role (appname, username, rolename) VALUES ('node1', 'dgulnaz', 'app1_editor');
INSERT INTO app_user_role (appname, username, rolename) VALUES ('app29', 'pkolga76', 'app29_editor');
INSERT INTO app_user_role (appname, username, rolename) VALUES ('app26', 'glushenkov', 'app26_editor');
INSERT INTO app_user_role (appname, username, rolename) VALUES ('app35', 'elias13', 'app35_editor');
INSERT INTO app_user_role (appname, username, rolename) VALUES ('app28', 'tenevaya', 'app28_editor');
INSERT INTO app_user_role (appname, username, rolename) VALUES ('node1', 'max', 'app1_editor');
INSERT INTO app_user_role (appname, username, rolename) VALUES ('app31', 'san', 'app31_editor');
INSERT INTO app_user_role (appname, username, rolename) VALUES ('app18', 'satoyusuke', 'app18_editor');
INSERT INTO app_user_role (appname, username, rolename) VALUES ('app17', 'apol3lp', 'app17_editor');
INSERT INTO app_user_role (appname, username, rolename) VALUES ('app19', 'anna_alex_', 'app19_editor');
INSERT INTO app_user_role (appname, username, rolename) VALUES ('app14', 'tata010', 'app14_editor');
INSERT INTO app_user_role (appname, username, rolename) VALUES ('app25', 'site', 'app25_editor');
INSERT INTO app_user_role (appname, username, rolename) VALUES ('app20', 'tkolesnikova', 'app20_editor');
INSERT INTO app_user_role (appname, username, rolename) VALUES ('app36', 'a.bondarev', 'app36_editor');
INSERT INTO app_user_role (appname, username, rolename) VALUES ('app29', 'shamilkerashev', 'app29_editor');
INSERT INTO app_user_role (appname, username, rolename) VALUES ('app11', 'ifedorov', 'app11_editor');
INSERT INTO app_user_role (appname, username, rolename) VALUES ('app12', 'afinez', 'app12_editor');
INSERT INTO app_user_role (appname, username, rolename) VALUES ('app37', 'chagin', 'app37_editor');
INSERT INTO app_user_role (appname, username, rolename) VALUES ('app22', 'kor', 'app22_editor');
INSERT INTO app_user_role (appname, username, rolename) VALUES ('app36', 'anna_alex_', 'app36_editor');
INSERT INTO app_user_role (appname, username, rolename) VALUES ('auth', 'lashkul', 'auth_editor');
INSERT INTO app_user_role (appname, username, rolename) VALUES ('app32', 'yuliyasyrova111', 'app32_editor');
INSERT INTO app_user_role (appname, username, rolename) VALUES ('app25', 'voronina-andreeva', 'app25_editor');
INSERT INTO app_user_role (appname, username, rolename) VALUES ('app16', 'lenacarn2005', 'app16_editor');
INSERT INTO app_user_role (appname, username, rolename) VALUES ('app12', 'ivlev', 'app12_editor');
INSERT INTO app_user_role (appname, username, rolename) VALUES ('app24', 'razuvaeva', 'app24_editor');
INSERT INTO app_user_role (appname, username, rolename) VALUES ('app19', 'mogana.ks', 'app19_editor');
INSERT INTO app_user_role (appname, username, rolename) VALUES ('app36', 'pusto-pusto', 'app36_editor');
INSERT INTO app_user_role (appname, username, rolename) VALUES ('app30', 'trubko', 'app30_editor');
INSERT INTO app_user_role (appname, username, rolename) VALUES ('app35', 'denissamara', 'app35_editor');
INSERT INTO app_user_role (appname, username, rolename) VALUES ('app13', 'a.sorokina', 'app13_editor');
INSERT INTO app_user_role (appname, username, rolename) VALUES ('app30', 'anna_alex_', 'app30_editor');
INSERT INTO app_user_role (appname, username, rolename) VALUES ('app12', 'julia_gardner_rg', 'app12_editor');
INSERT INTO app_user_role (appname, username, rolename) VALUES ('app31', 'vadim', 'app31_editor');
INSERT INTO app_user_role (appname, username, rolename) VALUES ('rg', 'uvylegzhanina', 'rg_editor');
INSERT INTO app_user_role (appname, username, rolename) VALUES ('app32', 'morrisspb', 'app32_editor');
INSERT INTO app_user_role (appname, username, rolename) VALUES ('app12', 'malikova', 'app12_editor');
INSERT INTO app_user_role (appname, username, rolename) VALUES ('app34', 'chernyshev', 'app34_editor');
INSERT INTO app_user_role (appname, username, rolename) VALUES ('app29', 'shu_lena', 'app29_editor');
INSERT INTO app_user_role (appname, username, rolename) VALUES ('app35', 'nikiforova', 'app35_editor');
INSERT INTO app_user_role (appname, username, rolename) VALUES ('app29', 'pan', 'app29_editor');
INSERT INTO app_user_role (appname, username, rolename) VALUES ('node1', 'grishenko', 'app1_editor');
INSERT INTO app_user_role (appname, username, rolename) VALUES ('app38', 'kazans-oleg', 'app38_editor');
INSERT INTO app_user_role (appname, username, rolename) VALUES ('node1', 'filimonov', 'app1_editor');
INSERT INTO app_user_role (appname, username, rolename) VALUES ('app36', 'telyatnikova', 'app36_editor');
INSERT INTO app_user_role (appname, username, rolename) VALUES ('app21', 'tatiana-rg', 'app21_editor');
INSERT INTO app_user_role (appname, username, rolename) VALUES ('app32', 'koshkav', 'app32_editor');
INSERT INTO app_user_role (appname, username, rolename) VALUES ('app34', 'pavlovam', 'app34_editor');
INSERT INTO app_user_role (appname, username, rolename) VALUES ('app35', 'morozova_o', 'app35_editor');
INSERT INTO app_user_role (appname, username, rolename) VALUES ('app21', 'vs-anti', 'app21_editor');
INSERT INTO app_user_role (appname, username, rolename) VALUES ('app21', 'osilbekova.d', 'app21_editor');
INSERT INTO app_user_role (appname, username, rolename) VALUES ('app17', 'shamilkerashev', 'app17_editor');
INSERT INTO app_user_role (appname, username, rolename) VALUES ('node2', 'tovprapor', 'app2_editor');
INSERT INTO app_user_role (appname, username, rolename) VALUES ('app37', 'inin', 'app37_editor');
INSERT INTO app_user_role (appname, username, rolename) VALUES ('app14', 'andreyandreev1961', 'app14_editor');
INSERT INTO app_user_role (appname, username, rolename) VALUES ('app36', 'lucia.bellinello', 'app36_editor');
INSERT INTO app_user_role (appname, username, rolename) VALUES ('app18', 'vadim_dav', 'app18_editor');
INSERT INTO app_user_role (appname, username, rolename) VALUES ('app16', 'trhn', 'app16_editor');
INSERT INTO app_user_role (appname, username, rolename) VALUES ('node1', 'shu_lena', 'app1_editor');
INSERT INTO app_user_role (appname, username, rolename) VALUES ('app20', 'ashirova', 'app20_editor');
INSERT INTO app_user_role (appname, username, rolename) VALUES ('app25', 'pavlovam', 'app25_editor');
INSERT INTO app_user_role (appname, username, rolename) VALUES ('app28', 'maslova', 'app28_editor');
INSERT INTO app_user_role (appname, username, rolename) VALUES ('app32', 'annaskudayeva', 'app32_editor');
INSERT INTO app_user_role (appname, username, rolename) VALUES ('app10', 'nikiforova', 'app10_editor');
INSERT INTO app_user_role (appname, username, rolename) VALUES ('app20', 'yuliyasyrova111', 'app20_editor');
INSERT INTO app_user_role (appname, username, rolename) VALUES ('app17', 'matguka', 'app17_editor');
INSERT INTO app_user_role (appname, username, rolename) VALUES ('app24', 's.sobolev', 'app24_editor');
INSERT INTO app_user_role (appname, username, rolename) VALUES ('app12', 'yurchak', 'app12_editor');
INSERT INTO app_user_role (appname, username, rolename) VALUES ('node1', 'burlo', 'app1_editor');
INSERT INTO app_user_role (appname, username, rolename) VALUES ('app22', 'anna-skripka', 'app22_editor');
INSERT INTO app_user_role (appname, username, rolename) VALUES ('app22', 'skorpy5', 'app22_editor');
INSERT INTO app_user_role (appname, username, rolename) VALUES ('app14', 'marshak', 'app14_editor');
INSERT INTO app_user_role (appname, username, rolename) VALUES ('app14', 'swan75', 'app14_editor');
INSERT INTO app_user_role (appname, username, rolename) VALUES ('auth', 'elisaveta_golub', 'auth_editor');
INSERT INTO app_user_role (appname, username, rolename) VALUES ('app10', 'idrobysheva', 'app10_editor');
INSERT INTO app_user_role (appname, username, rolename) VALUES ('pravo_rg_ru', 'aleksanyan', 'pravo_rg_ru_editor');
INSERT INTO app_user_role (appname, username, rolename) VALUES ('app35', 'malikova', 'app35_editor');
INSERT INTO app_user_role (appname, username, rolename) VALUES ('app31', 'glushenkov', 'app31_editor');
INSERT INTO app_user_role (appname, username, rolename) VALUES ('app26', 'vyunok79', 'app26_editor');
INSERT INTO app_user_role (appname, username, rolename) VALUES ('app26', 'romrom1983', 'app26_editor');
INSERT INTO app_user_role (appname, username, rolename) VALUES ('app19', 'rgural', 'app19_editor');
INSERT INTO app_user_role (appname, username, rolename) VALUES ('auth', 's.sobolev', 'auth_editor');
INSERT INTO app_user_role (appname, username, rolename) VALUES ('auth', 'usov', 'auth_editor');
INSERT INTO app_user_role (appname, username, rolename) VALUES ('app32', 'barsuk', 'app32_editor');
INSERT INTO app_user_role (appname, username, rolename) VALUES ('app17', 'elisaveta_golub', 'app17_editor');
INSERT INTO app_user_role (appname, username, rolename) VALUES ('app27', 'morozova_o', 'app27_editor');
INSERT INTO app_user_role (appname, username, rolename) VALUES ('app32', 'simonov', 'app32_editor');
INSERT INTO app_user_role (appname, username, rolename) VALUES ('app33', 'usov', 'app33_editor');
INSERT INTO app_user_role (appname, username, rolename) VALUES ('pravo_rg_ru', 'zakiev', 'pravo_rg_ru_editor');
INSERT INTO app_user_role (appname, username, rolename) VALUES ('app35', 'deeva', 'app35_editor');
INSERT INTO app_user_role (appname, username, rolename) VALUES ('node1', 'ivlev', 'app1_editor');
INSERT INTO app_user_role (appname, username, rolename) VALUES ('app27', 'varyukhina', 'app27_editor');
INSERT INTO app_user_role (appname, username, rolename) VALUES ('pravo_rg_ru', 'litovchenko', 'pravo_rg_ru_editor');
INSERT INTO app_user_role (appname, username, rolename) VALUES ('app12', 'brook', 'app12_editor');
INSERT INTO app_user_role (appname, username, rolename) VALUES ('app24', 'ramilya_tr', 'app24_editor');
INSERT INTO app_user_role (appname, username, rolename) VALUES ('pravo_rg_ru', 'pr2', 'pravo_rg_ru_editor');
INSERT INTO app_user_role (appname, username, rolename) VALUES ('app33', 'bormasheva', 'app33_editor');
INSERT INTO app_user_role (appname, username, rolename) VALUES ('app29', 'aminova', 'app29_editor');
INSERT INTO app_user_role (appname, username, rolename) VALUES ('app30', 'ismagilov', 'app30_editor');
INSERT INTO app_user_role (appname, username, rolename) VALUES ('app37', 'redaktor2', 'app37_editor');
INSERT INTO app_user_role (appname, username, rolename) VALUES ('app35', 'polina.kortina', 'app35_editor');
INSERT INTO app_user_role (appname, username, rolename) VALUES ('auth', 'bbkilin', 'auth_editor');
INSERT INTO app_user_role (appname, username, rolename) VALUES ('app27', 'FKazakovK', 'app27_editor');
INSERT INTO app_user_role (appname, username, rolename) VALUES ('app23', 'ershov', 'app23_editor');
INSERT INTO app_user_role (appname, username, rolename) VALUES ('app15', 'anna_alex_', 'app15_editor');
INSERT INTO app_user_role (appname, username, rolename) VALUES ('app15', 'ershov', 'app15_editor');
INSERT INTO app_user_role (appname, username, rolename) VALUES ('app12', 'shamilkerashev', 'app12_editor');
INSERT INTO app_user_role (appname, username, rolename) VALUES ('app28', 'redaktor2', 'app28_editor');
INSERT INTO app_user_role (appname, username, rolename) VALUES ('app24', 'Barybina', 'app24_editor');
INSERT INTO app_user_role (appname, username, rolename) VALUES ('app38', 'pomeshchikova', 'app38_editor');
INSERT INTO app_user_role (appname, username, rolename) VALUES ('auth', 'carminesaviano', 'auth_editor');
INSERT INTO app_user_role (appname, username, rolename) VALUES ('app27', 'alex3755', 'app27_editor');
INSERT INTO app_user_role (appname, username, rolename) VALUES ('app28', 'razuvaeva', 'app28_editor');
INSERT INTO app_user_role (appname, username, rolename) VALUES ('app34', 'nikolavna2-2', 'app34_editor');
INSERT INTO app_user_role (appname, username, rolename) VALUES ('app10', 'alex3755', 'app10_editor');
INSERT INTO app_user_role (appname, username, rolename) VALUES ('app20', 'anna-skripka', 'app20_editor');
INSERT INTO app_user_role (appname, username, rolename) VALUES ('app18', 'grishenko', 'app18_editor');
INSERT INTO app_user_role (appname, username, rolename) VALUES ('auth', 'pusto-pusto', 'auth_editor');
INSERT INTO app_user_role (appname, username, rolename) VALUES ('node2', 'tkolesnikova', 'app2_editor');
INSERT INTO app_user_role (appname, username, rolename) VALUES ('app17', 'Barybina', 'app17_editor');
INSERT INTO app_user_role (appname, username, rolename) VALUES ('app11', 'chernyshev', 'app11_editor');
INSERT INTO app_user_role (appname, username, rolename) VALUES ('app36', 'shu_lena', 'app36_editor');
INSERT INTO app_user_role (appname, username, rolename) VALUES ('app19', 'sosnovsky', 'app19_editor');
INSERT INTO app_user_role (appname, username, rolename) VALUES ('app32', 'rg-saransk', 'app32_editor');
INSERT INTO app_user_role (appname, username, rolename) VALUES ('node1', 'sosnovsky', 'app1_editor');
INSERT INTO app_user_role (appname, username, rolename) VALUES ('app14', 'e.savchenko743', 'app14_editor');
INSERT INTO app_user_role (appname, username, rolename) VALUES ('app37', 'lolasmit', 'app37_editor');
INSERT INTO app_user_role (appname, username, rolename) VALUES ('pravo_rg_ru', 'trubko', 'pravo_rg_ru_editor');
INSERT INTO app_user_role (appname, username, rolename) VALUES ('app21', 'tatyana.shramchenko', 'app21_editor');
INSERT INTO app_user_role (appname, username, rolename) VALUES ('app21', 'zinkler', 'app21_editor');
INSERT INTO app_user_role (appname, username, rolename) VALUES ('app12', 'vovata', 'app12_editor');
INSERT INTO app_user_role (appname, username, rolename) VALUES ('app19', 'gomozov', 'app19_editor');
INSERT INTO app_user_role (appname, username, rolename) VALUES ('app34', 'kandy68', 'app34_editor');
INSERT INTO app_user_role (appname, username, rolename) VALUES ('app10', 'ptr2002', 'app10_editor');
INSERT INTO app_user_role (appname, username, rolename) VALUES ('app33', 'kandy68', 'app33_editor');
INSERT INTO app_user_role (appname, username, rolename) VALUES ('app37', 'kushnareva', 'app37_editor');
INSERT INTO app_user_role (appname, username, rolename) VALUES ('app18', 'soldatenkov', 'app18_editor');
INSERT INTO app_user_role (appname, username, rolename) VALUES ('app17', 'tenevaya', 'app17_editor');
INSERT INTO app_user_role (appname, username, rolename) VALUES ('app32', 'denissamara', 'app32_editor');
INSERT INTO app_user_role (appname, username, rolename) VALUES ('app27', 'natali-shika', 'app27_editor');
INSERT INTO app_user_role (appname, username, rolename) VALUES ('app29', 'khoroshilov', 'app29_editor');
INSERT INTO app_user_role (appname, username, rolename) VALUES ('app24', 'rgural', 'app24_editor');
INSERT INTO app_user_role (appname, username, rolename) VALUES ('app28', 'usov', 'app28_editor');
INSERT INTO app_user_role (appname, username, rolename) VALUES ('app27', 'ifedorov', 'app27_editor');
INSERT INTO app_user_role (appname, username, rolename) VALUES ('app16', 'nikiforova', 'app16_editor');
INSERT INTO app_user_role (appname, username, rolename) VALUES ('app31', 'pr2', 'app31_editor');
INSERT INTO app_user_role (appname, username, rolename) VALUES ('app11', 'aminova', 'app11_editor');
INSERT INTO app_user_role (appname, username, rolename) VALUES ('app31', 'shu_lena', 'app31_editor');
INSERT INTO app_user_role (appname, username, rolename) VALUES ('app15', 'svetarg', 'app15_editor');
INSERT INTO app_user_role (appname, username, rolename) VALUES ('app27', 'mnovikov', 'app27_editor');
INSERT INTO app_user_role (appname, username, rolename) VALUES ('app37', 'nsinetskiy', 'app37_editor');
INSERT INTO app_user_role (appname, username, rolename) VALUES ('app36', 'izubko', 'app36_editor');
INSERT INTO app_user_role (appname, username, rolename) VALUES ('app13', 'kolesnikov', 'app13_editor');
INSERT INTO app_user_role (appname, username, rolename) VALUES ('app32', 'shamilkerashev', 'app32_editor');
INSERT INTO app_user_role (appname, username, rolename) VALUES ('app36', 'voronina-andreeva', 'app36_editor');
INSERT INTO app_user_role (appname, username, rolename) VALUES ('app23', 'tuktarova', 'app23_editor');
INSERT INTO app_user_role (appname, username, rolename) VALUES ('app25', 'melnikov', 'app25_editor');
INSERT INTO app_user_role (appname, username, rolename) VALUES ('app17', 'kras', 'app17_editor');
INSERT INTO app_user_role (appname, username, rolename) VALUES ('app29', 'malinina', 'app29_editor');
INSERT INTO app_user_role (appname, username, rolename) VALUES ('node2', 'grafn', 'app2_editor');
INSERT INTO app_user_role (appname, username, rolename) VALUES ('app31', '7101159', 'app31_editor');
INSERT INTO app_user_role (appname, username, rolename) VALUES ('app20', 'rgural', 'app20_editor');
INSERT INTO app_user_role (appname, username, rolename) VALUES ('app15', 'nikolavna2-2', 'app15_editor');
INSERT INTO app_user_role (appname, username, rolename) VALUES ('app15', 'maslova', 'app15_editor');
INSERT INTO app_user_role (appname, username, rolename) VALUES ('app28', 'tatiana-rg', 'app28_editor');
INSERT INTO app_user_role (appname, username, rolename) VALUES ('app25', 'pkolga76', 'app25_editor');
INSERT INTO app_user_role (appname, username, rolename) VALUES ('app37', 'irina_evsukova00', 'app37_editor');
INSERT INTO app_user_role (appname, username, rolename) VALUES ('node2', 'vs-anti', 'app2_editor');
INSERT INTO app_user_role (appname, username, rolename) VALUES ('app17', 'morrisspb', 'app17_editor');
INSERT INTO app_user_role (appname, username, rolename) VALUES ('app30', 'samar', 'app30_editor');
INSERT INTO app_user_role (appname, username, rolename) VALUES ('app12', 'ershov', 'app12_editor');
INSERT INTO app_user_role (appname, username, rolename) VALUES ('app31', 'tuktarova', 'app31_editor');
INSERT INTO app_user_role (appname, username, rolename) VALUES ('app34', 'promyshlyaeva', 'app34_editor');
INSERT INTO app_user_role (appname, username, rolename) VALUES ('app27', 'svetl', 'app27_editor');
INSERT INTO app_user_role (appname, username, rolename) VALUES ('auth', 'shestakov', 'auth_editor');
INSERT INTO app_user_role (appname, username, rolename) VALUES ('node1', 'polina.kortina', 'app1_editor');
INSERT INTO app_user_role (appname, username, rolename) VALUES ('app30', 'zinchenko', 'app30_editor');
INSERT INTO app_user_role (appname, username, rolename) VALUES ('app24', 'melnikov', 'app24_editor');
INSERT INTO app_user_role (appname, username, rolename) VALUES ('app28', 'suvorova', 'app28_editor');
INSERT INTO app_user_role (appname, username, rolename) VALUES ('app21', 'samar', 'app21_editor');
INSERT INTO app_user_role (appname, username, rolename) VALUES ('app30', 'shamilkerashev', 'app30_editor');
INSERT INTO app_user_role (appname, username, rolename) VALUES ('app19', 'atan', 'app19_editor');
INSERT INTO app_user_role (appname, username, rolename) VALUES ('app31', 'anna-skripka', 'app31_editor');
INSERT INTO app_user_role (appname, username, rolename) VALUES ('app23', 'nikolavna2-2', 'app23_editor');
INSERT INTO app_user_role (appname, username, rolename) VALUES ('app20', 'filippov2', 'app20_editor');
INSERT INTO app_user_role (appname, username, rolename) VALUES ('app38', 'maximov', 'app38_editor');
INSERT INTO app_user_role (appname, username, rolename) VALUES ('app17', 'rgkaterina', 'app17_editor');
INSERT INTO app_user_role (appname, username, rolename) VALUES ('app10', 'elias13', 'app10_editor');
INSERT INTO app_user_role (appname, username, rolename) VALUES ('node1', 'uvylegzhanina', 'app1_editor');
INSERT INTO app_user_role (appname, username, rolename) VALUES ('app35', 'butylkina', 'app35_editor');
INSERT INTO app_user_role (appname, username, rolename) VALUES ('app21', 'ivlev', 'app21_editor');
INSERT INTO app_user_role (appname, username, rolename) VALUES ('app37', 'ptax66', 'app37_editor');
INSERT INTO app_user_role (appname, username, rolename) VALUES ('app17', 'rgural', 'app17_editor');
INSERT INTO app_user_role (appname, username, rolename) VALUES ('app33', 'man72t', 'app33_editor');
INSERT INTO app_user_role (appname, username, rolename) VALUES ('app11', 'carminesaviano', 'app11_editor');
INSERT INTO app_user_role (appname, username, rolename) VALUES ('app22', 'maslova', 'app22_editor');
INSERT INTO app_user_role (appname, username, rolename) VALUES ('app31', 'economy', 'app31_editor');
INSERT INTO app_user_role (appname, username, rolename) VALUES ('app25', 'dinessa', 'app25_editor');
INSERT INTO app_user_role (appname, username, rolename) VALUES ('app32', 'kor', 'app32_editor');
INSERT INTO app_user_role (appname, username, rolename) VALUES ('app37', 'razuvaeva', 'app37_editor');
INSERT INTO app_user_role (appname, username, rolename) VALUES ('app34', 'vs-anti', 'app34_editor');
INSERT INTO app_user_role (appname, username, rolename) VALUES ('app10', 'trubko', 'app10_editor');
INSERT INTO app_user_role (appname, username, rolename) VALUES ('app23', 'dunay.es', 'app23_editor');
INSERT INTO app_user_role (appname, username, rolename) VALUES ('app35', 'borodenko', 'app35_editor');
INSERT INTO app_user_role (appname, username, rolename) VALUES ('app30', 'gomozov', 'app30_editor');
INSERT INTO app_user_role (appname, username, rolename) VALUES ('app22', 'petrovan', 'app22_editor');
INSERT INTO app_user_role (appname, username, rolename) VALUES ('app34', 'kushnareva', 'app34_editor');
INSERT INTO app_user_role (appname, username, rolename) VALUES ('app18', 'brook', 'app18_editor');
INSERT INTO app_user_role (appname, username, rolename) VALUES ('app24', 'pr2', 'app24_editor');
INSERT INTO app_user_role (appname, username, rolename) VALUES ('pravo_rg_ru', 'anna-skripka', 'pravo_rg_ru_editor');
INSERT INTO app_user_role (appname, username, rolename) VALUES ('app21', 'kerdo', 'app21_editor');
INSERT INTO app_user_role (appname, username, rolename) VALUES ('app20', 'ptax66', 'app20_editor');
INSERT INTO app_user_role (appname, username, rolename) VALUES ('app31', 'pichurina45', 'app31_editor');
INSERT INTO app_user_role (appname, username, rolename) VALUES ('app29', 'suvorova', 'app29_editor');
INSERT INTO app_user_role (appname, username, rolename) VALUES ('app28', 'tatyana.shramchenko', 'app28_editor');
INSERT INTO app_user_role (appname, username, rolename) VALUES ('app23', 'pavlovam', 'app23_editor');
INSERT INTO app_user_role (appname, username, rolename) VALUES ('pravo_rg_ru', 'evolkovy', 'pravo_rg_ru_editor');
INSERT INTO app_user_role (appname, username, rolename) VALUES ('app19', 'parshin', 'app19_editor');
INSERT INTO app_user_role (appname, username, rolename) VALUES ('app22', 'zinchenko', 'app22_editor');
INSERT INTO app_user_role (appname, username, rolename) VALUES ('app33', 'melnikov', 'app33_editor');
INSERT INTO app_user_role (appname, username, rolename) VALUES ('app11', 'kazans-oleg', 'app11_editor');
INSERT INTO app_user_role (appname, username, rolename) VALUES ('app33', 'polina.kortina', 'app33_editor');
INSERT INTO app_user_role (appname, username, rolename) VALUES ('app25', 'alex', 'app25_editor');
INSERT INTO app_user_role (appname, username, rolename) VALUES ('app10', 'suvorova', 'app10_editor');
INSERT INTO app_user_role (appname, username, rolename) VALUES ('app30', 'dinessa', 'app30_editor');
INSERT INTO app_user_role (appname, username, rolename) VALUES ('node2', 'grishenko', 'app2_editor');
INSERT INTO app_user_role (appname, username, rolename) VALUES ('app24', 'carminesaviano', 'app24_editor');
INSERT INTO app_user_role (appname, username, rolename) VALUES ('app21', 'bil11', 'app21_editor');
INSERT INTO app_user_role (appname, username, rolename) VALUES ('app37', 'olle73', 'app37_editor');
INSERT INTO app_user_role (appname, username, rolename) VALUES ('app17', 'chernyshev', 'app17_editor');
INSERT INTO app_user_role (appname, username, rolename) VALUES ('app13', 'osilbekova.m', 'app13_editor');
INSERT INTO app_user_role (appname, username, rolename) VALUES ('app14', 'lucia.bellinello', 'app14_editor');
INSERT INTO app_user_role (appname, username, rolename) VALUES ('app21', 'akulova', 'app21_editor');
INSERT INTO app_user_role (appname, username, rolename) VALUES ('auth', 'zakiev', 'auth_editor');
INSERT INTO app_user_role (appname, username, rolename) VALUES ('app24', 'alex', 'app24_editor');
INSERT INTO app_user_role (appname, username, rolename) VALUES ('app27', 'kandy68', 'app27_editor');
INSERT INTO app_user_role (appname, username, rolename) VALUES ('node2', 'aminova', 'app2_editor');
INSERT INTO app_user_role (appname, username, rolename) VALUES ('app30', 'busuek', 'app30_editor');
INSERT INTO app_user_role (appname, username, rolename) VALUES ('app33', 'peteshova', 'app33_editor');
INSERT INTO app_user_role (appname, username, rolename) VALUES ('app37', 'san', 'app37_editor');
INSERT INTO app_user_role (appname, username, rolename) VALUES ('rg', 'anna_alex_', 'rg_editor');
INSERT INTO app_user_role (appname, username, rolename) VALUES ('app30', 'suhorukova', 'app30_editor');
INSERT INTO app_user_role (appname, username, rolename) VALUES ('app25', 'morozova_o', 'app25_editor');
INSERT INTO app_user_role (appname, username, rolename) VALUES ('app38', 'vrynishka_ya', 'app38_editor');
INSERT INTO app_user_role (appname, username, rolename) VALUES ('app22', 'aminova', 'app22_editor');
INSERT INTO app_user_role (appname, username, rolename) VALUES ('app37', 'kazans-oleg', 'app37_editor');
INSERT INTO app_user_role (appname, username, rolename) VALUES ('node1', 'zzzebra', 'app1_editor');
INSERT INTO app_user_role (appname, username, rolename) VALUES ('app25', 'yzubko', 'app25_editor');
INSERT INTO app_user_role (appname, username, rolename) VALUES ('pravo_rg_ru', 'den77p', 'pravo_rg_ru_editor');
INSERT INTO app_user_role (appname, username, rolename) VALUES ('pravo_rg_ru', 'vyunok79', 'pravo_rg_ru_editor');
INSERT INTO app_user_role (appname, username, rolename) VALUES ('auth', 'mogana.ks', 'auth_editor');
INSERT INTO app_user_role (appname, username, rolename) VALUES ('app30', 'kasya20', 'app30_editor');
INSERT INTO app_user_role (appname, username, rolename) VALUES ('app28', 'zakiev', 'app28_editor');
INSERT INTO app_user_role (appname, username, rolename) VALUES ('app24', 'yuliyasyrova111', 'app24_editor');
INSERT INTO app_user_role (appname, username, rolename) VALUES ('auth', 'vs-anti', 'auth_editor');
INSERT INTO app_user_role (appname, username, rolename) VALUES ('app22', 'rgskfo', 'app22_editor');
INSERT INTO app_user_role (appname, username, rolename) VALUES ('auth', 'bormasheva', 'auth_editor');
INSERT INTO app_user_role (appname, username, rolename) VALUES ('pravo_rg_ru', 'natali-shika', 'pravo_rg_ru_editor');
INSERT INTO app_user_role (appname, username, rolename) VALUES ('app18', 'inin', 'app18_editor');
INSERT INTO app_user_role (appname, username, rolename) VALUES ('node1', 'brook', 'app1_editor');
INSERT INTO app_user_role (appname, username, rolename) VALUES ('app22', 'svetl', 'app22_editor');
INSERT INTO app_user_role (appname, username, rolename) VALUES ('app33', 'den77p', 'app33_editor');
INSERT INTO app_user_role (appname, username, rolename) VALUES ('app20', 'voronina-andreeva', 'app20_editor');
INSERT INTO app_user_role (appname, username, rolename) VALUES ('app23', 'malinina', 'app23_editor');
INSERT INTO app_user_role (appname, username, rolename) VALUES ('app35', 'atan', 'app35_editor');
INSERT INTO app_user_role (appname, username, rolename) VALUES ('app35', 'novik.artem', 'app35_editor');
INSERT INTO app_user_role (appname, username, rolename) VALUES ('app18', 'redaktor2', 'app18_editor');
INSERT INTO app_user_role (appname, username, rolename) VALUES ('app28', 'kazmina', 'app28_editor');
INSERT INTO app_user_role (appname, username, rolename) VALUES ('node2', 'front09', 'app2_editor');
INSERT INTO app_user_role (appname, username, rolename) VALUES ('app30', 'fofana', 'app30_editor');
INSERT INTO app_user_role (appname, username, rolename) VALUES ('app10', 'osilbekova.m', 'app10_editor');
INSERT INTO app_user_role (appname, username, rolename) VALUES ('app36', 'pulya', 'app36_editor');
INSERT INTO app_user_role (appname, username, rolename) VALUES ('app21', 'andreyandreev1961', 'app21_editor');
INSERT INTO app_user_role (appname, username, rolename) VALUES ('app29', 'zzzebra', 'app29_editor');
INSERT INTO app_user_role (appname, username, rolename) VALUES ('app28', 'vbpetrov', 'app28_editor');
INSERT INTO app_user_role (appname, username, rolename) VALUES ('app32', 'afinez', 'app32_editor');
INSERT INTO app_user_role (appname, username, rolename) VALUES ('app17', 'evolkovy', 'app17_editor');
INSERT INTO app_user_role (appname, username, rolename) VALUES ('app32', 'suvorova', 'app32_editor');
INSERT INTO app_user_role (appname, username, rolename) VALUES ('app30', 'skorpy5', 'app30_editor');
INSERT INTO app_user_role (appname, username, rolename) VALUES ('app34', 'zakieva', 'app34_editor');
INSERT INTO app_user_role (appname, username, rolename) VALUES ('app36', 'rgstav', 'app36_editor');
INSERT INTO app_user_role (appname, username, rolename) VALUES ('app35', 'smeyukha', 'app35_editor');
INSERT INTO app_user_role (appname, username, rolename) VALUES ('app29', 'pavlovam', 'app29_editor');
INSERT INTO app_user_role (appname, username, rolename) VALUES ('app33', 'tenevaya', 'app33_editor');
INSERT INTO app_user_role (appname, username, rolename) VALUES ('app26', 'chulkov', 'app26_editor');
INSERT INTO app_user_role (appname, username, rolename) VALUES ('app16', 'skorpy5', 'app16_editor');
INSERT INTO app_user_role (appname, username, rolename) VALUES ('app26', 'barsuk', 'app26_editor');
INSERT INTO app_user_role (appname, username, rolename) VALUES ('app12', 'kazans-oleg', 'app12_editor');
INSERT INTO app_user_role (appname, username, rolename) VALUES ('app14', 'burlo', 'app14_editor');
INSERT INTO app_user_role (appname, username, rolename) VALUES ('app10', 'v.cherenewa', 'app10_editor');
INSERT INTO app_user_role (appname, username, rolename) VALUES ('auth', 'tata010', 'auth_editor');
INSERT INTO app_user_role (appname, username, rolename) VALUES ('app21', 'petrovan', 'app21_editor');
INSERT INTO app_user_role (appname, username, rolename) VALUES ('app38', 'yzubko', 'app38_editor');
INSERT INTO app_user_role (appname, username, rolename) VALUES ('auth', 'malikova', 'auth_editor');
INSERT INTO app_user_role (appname, username, rolename) VALUES ('app31', 'shamilkerashev', 'app31_editor');
INSERT INTO app_user_role (appname, username, rolename) VALUES ('app30', 'Rudavina', 'app30_editor');
INSERT INTO app_user_role (appname, username, rolename) VALUES ('app13', 'maximov', 'app13_editor');
INSERT INTO app_user_role (appname, username, rolename) VALUES ('app32', 'parshin', 'app32_editor');
INSERT INTO app_user_role (appname, username, rolename) VALUES ('app18', 'atan', 'app18_editor');
INSERT INTO app_user_role (appname, username, rolename) VALUES ('app23', 'pusto-pusto', 'app23_editor');
INSERT INTO app_user_role (appname, username, rolename) VALUES ('pravo_rg_ru', 'denissamara', 'pravo_rg_ru_editor');
INSERT INTO app_user_role (appname, username, rolename) VALUES ('app18', 'antivalagin', 'app18_editor');
INSERT INTO app_user_role (appname, username, rolename) VALUES ('app29', 'johnsylver', 'app29_editor');
INSERT INTO app_user_role (appname, username, rolename) VALUES ('app28', 'kor', 'app28_editor');
INSERT INTO app_user_role (appname, username, rolename) VALUES ('app20', 'razuvaeva', 'app20_editor');
INSERT INTO app_user_role (appname, username, rolename) VALUES ('app31', 'evolkovy', 'app31_editor');
INSERT INTO app_user_role (appname, username, rolename) VALUES ('app36', 'yuliyasyrova111', 'app36_editor');
INSERT INTO app_user_role (appname, username, rolename) VALUES ('app16', 'ivanitskaya', 'app16_editor');
INSERT INTO app_user_role (appname, username, rolename) VALUES ('app29', 'chipak', 'app29_editor');
INSERT INTO app_user_role (appname, username, rolename) VALUES ('node1', 'kazans-oleg', 'app1_editor');
INSERT INTO app_user_role (appname, username, rolename) VALUES ('app10', 'tatyana.shramchenko', 'app10_editor');
INSERT INTO app_user_role (appname, username, rolename) VALUES ('app32', 'nikiforova', 'app32_editor');
INSERT INTO app_user_role (appname, username, rolename) VALUES ('app29', 'borodenko', 'app29_editor');
INSERT INTO app_user_role (appname, username, rolename) VALUES ('app15', 'glushenkov', 'app15_editor');
INSERT INTO app_user_role (appname, username, rolename) VALUES ('app36', 'johnsylver', 'app36_editor');
INSERT INTO app_user_role (appname, username, rolename) VALUES ('app27', 'man72t', 'app27_editor');
INSERT INTO app_user_role (appname, username, rolename) VALUES ('app16', 'victor', 'app16_editor');
INSERT INTO app_user_role (appname, username, rolename) VALUES ('app25', 'esolovyev', 'app25_editor');
INSERT INTO app_user_role (appname, username, rolename) VALUES ('app34', 'anna_alex_', 'app34_editor');
INSERT INTO app_user_role (appname, username, rolename) VALUES ('app23', 'natali-shika', 'app23_editor');
INSERT INTO app_user_role (appname, username, rolename) VALUES ('app35', 'maximov', 'app35_editor');
INSERT INTO app_user_role (appname, username, rolename) VALUES ('app24', 'vadim_dav', 'app24_editor');
INSERT INTO app_user_role (appname, username, rolename) VALUES ('app29', 'trusova', 'app29_editor');
INSERT INTO app_user_role (appname, username, rolename) VALUES ('node2', 'm.pinkus', 'app2_editor');
INSERT INTO app_user_role (appname, username, rolename) VALUES ('app35', 'chernyshev', 'app35_editor');
INSERT INTO app_user_role (appname, username, rolename) VALUES ('pravo_rg_ru', 'tkolesnikova', 'pravo_rg_ru_editor');
INSERT INTO app_user_role (appname, username, rolename) VALUES ('app21', 'kandy68', 'app21_editor');
INSERT INTO app_user_role (appname, username, rolename) VALUES ('app35', 'buynaya', 'app35_editor');
INSERT INTO app_user_role (appname, username, rolename) VALUES ('app33', 'tovprapor', 'app33_editor');
INSERT INTO app_user_role (appname, username, rolename) VALUES ('app25', 'elisaveta_golub', 'app25_editor');
INSERT INTO app_user_role (appname, username, rolename) VALUES ('app10', 'antivalagin', 'app10_editor');
INSERT INTO app_user_role (appname, username, rolename) VALUES ('app37', 'rgkaterina', 'app37_editor');
INSERT INTO app_user_role (appname, username, rolename) VALUES ('app13', 'marshak', 'app13_editor');
INSERT INTO app_user_role (appname, username, rolename) VALUES ('app32', 'akondratiev', 'app32_editor');
INSERT INTO app_user_role (appname, username, rolename) VALUES ('app24', 'prasolov', 'app24_editor');
INSERT INTO app_user_role (appname, username, rolename) VALUES ('pravo_rg_ru', 'esolovyev', 'pravo_rg_ru_editor');
INSERT INTO app_user_role (appname, username, rolename) VALUES ('app35', 'tatyana.shramchenko', 'app35_editor');
INSERT INTO app_user_role (appname, username, rolename) VALUES ('app29', 'kmerinov', 'app29_editor');
INSERT INTO app_user_role (appname, username, rolename) VALUES ('rg', 'kor', 'rg_editor');
INSERT INTO app_user_role (appname, username, rolename) VALUES ('app26', 'v_ms', 'app26_editor');
INSERT INTO app_user_role (appname, username, rolename) VALUES ('app34', 'vyunok79', 'app34_editor');
INSERT INTO app_user_role (appname, username, rolename) VALUES ('app13', 'tovprapor', 'app13_editor');
INSERT INTO app_user_role (appname, username, rolename) VALUES ('app17', 'lucia.bellinello', 'app17_editor');
INSERT INTO app_user_role (appname, username, rolename) VALUES ('app22', 'economy', 'app22_editor');
INSERT INTO app_user_role (appname, username, rolename) VALUES ('app10', 'telyatnikova', 'app10_editor');
INSERT INTO app_user_role (appname, username, rolename) VALUES ('node1', 'dimagrigor58', 'app1_editor');
INSERT INTO app_user_role (appname, username, rolename) VALUES ('app17', 'kasya20', 'app17_editor');
INSERT INTO app_user_role (appname, username, rolename) VALUES ('app31', 'tromanova', 'app31_editor');
INSERT INTO app_user_role (appname, username, rolename) VALUES ('app28', 'lenacarn2005', 'app28_editor');
INSERT INTO app_user_role (appname, username, rolename) VALUES ('app34', 'rkiselev', 'app34_editor');
INSERT INTO app_user_role (appname, username, rolename) VALUES ('app29', 'kondreva', 'app29_editor');
INSERT INTO app_user_role (appname, username, rolename) VALUES ('app25', 'chagin', 'app25_editor');
INSERT INTO app_user_role (appname, username, rolename) VALUES ('app11', 'redaktor2', 'app11_editor');
INSERT INTO app_user_role (appname, username, rolename) VALUES ('app34', 'parshin', 'app34_editor');
INSERT INTO app_user_role (appname, username, rolename) VALUES ('app24', 'pomeshchikova', 'app24_editor');
INSERT INTO app_user_role (appname, username, rolename) VALUES ('app22', 'svetlana-tsygankova', 'app22_editor');
INSERT INTO app_user_role (appname, username, rolename) VALUES ('app15', 'kushnareva', 'app15_editor');
INSERT INTO app_user_role (appname, username, rolename) VALUES ('app33', 'panin', 'app33_editor');
INSERT INTO app_user_role (appname, username, rolename) VALUES ('app28', 'svetlana-tsygankova', 'app28_editor');
INSERT INTO app_user_role (appname, username, rolename) VALUES ('app16', 'novik.artem', 'app16_editor');
INSERT INTO app_user_role (appname, username, rolename) VALUES ('app26', 'shamilkerashev', 'app26_editor');
INSERT INTO app_user_role (appname, username, rolename) VALUES ('app31', 'vrynishka_ya', 'app31_editor');
INSERT INTO app_user_role (appname, username, rolename) VALUES ('app19', 'rgstav', 'app19_editor');
INSERT INTO app_user_role (appname, username, rolename) VALUES ('app20', 'pan', 'app20_editor');
INSERT INTO app_user_role (appname, username, rolename) VALUES ('app18', 'chulkov', 'app18_editor');
INSERT INTO app_user_role (appname, username, rolename) VALUES ('app25', 'chulkov', 'app25_editor');
INSERT INTO app_user_role (appname, username, rolename) VALUES ('app14', 'samar', 'app14_editor');
INSERT INTO app_user_role (appname, username, rolename) VALUES ('app37', 's.sobolev', 'app37_editor');
INSERT INTO app_user_role (appname, username, rolename) VALUES ('node1', 'rgkaterina', 'app1_editor');
INSERT INTO app_user_role (appname, username, rolename) VALUES ('app23', 'vs-anti', 'app23_editor');
INSERT INTO app_user_role (appname, username, rolename) VALUES ('app11', 'FKazakovK', 'app11_editor');
INSERT INTO app_user_role (appname, username, rolename) VALUES ('app11', 'idrobysheva', 'app11_editor');
INSERT INTO app_user_role (appname, username, rolename) VALUES ('rg', 'lolasmit', 'rg_editor');
INSERT INTO app_user_role (appname, username, rolename) VALUES ('app35', 'kazmina', 'app35_editor');
INSERT INTO app_user_role (appname, username, rolename) VALUES ('app16', 'uvylegzhanina', 'app16_editor');
INSERT INTO app_user_role (appname, username, rolename) VALUES ('app11', 'irina_evsukova00', 'app11_editor');
INSERT INTO app_user_role (appname, username, rolename) VALUES ('pravo_rg_ru', 'raichev', 'pravo_rg_ru_editor');
INSERT INTO app_user_role (appname, username, rolename) VALUES ('app36', 'svetl', 'app36_editor');
INSERT INTO app_user_role (appname, username, rolename) VALUES ('rg', 'tatiana-rg', 'rg_editor');
INSERT INTO app_user_role (appname, username, rolename) VALUES ('app33', 'ifedorov', 'app33_editor');
INSERT INTO app_user_role (appname, username, rolename) VALUES ('app10', 'iponosov', 'app10_editor');
INSERT INTO app_user_role (appname, username, rolename) VALUES ('app34', 'nurimanova', 'app34_editor');
INSERT INTO app_user_role (appname, username, rolename) VALUES ('app24', 'nikolavna2-2', 'app24_editor');
INSERT INTO app_user_role (appname, username, rolename) VALUES ('app15', 'osilbekova.d', 'app15_editor');
INSERT INTO app_user_role (appname, username, rolename) VALUES ('node2', 'izubko', 'app2_editor');
INSERT INTO app_user_role (appname, username, rolename) VALUES ('app18', 'chipak', 'app18_editor');
INSERT INTO app_user_role (appname, username, rolename) VALUES ('app12', 'chernyshev', 'app12_editor');
INSERT INTO app_user_role (appname, username, rolename) VALUES ('app21', 'uvylegzhanina', 'app21_editor');
INSERT INTO app_user_role (appname, username, rolename) VALUES ('app37', 'sosnovsky', 'app37_editor');
INSERT INTO app_user_role (appname, username, rolename) VALUES ('app17', 'skorpy5', 'app17_editor');
INSERT INTO app_user_role (appname, username, rolename) VALUES ('app20', 'zakieva', 'app20_editor');
INSERT INTO app_user_role (appname, username, rolename) VALUES ('app32', 'satoyusuke', 'app32_editor');
INSERT INTO app_user_role (appname, username, rolename) VALUES ('app10', 'litovchenko', 'app10_editor');
INSERT INTO app_user_role (appname, username, rolename) VALUES ('app33', 'ivlev', 'app33_editor');
INSERT INTO app_user_role (appname, username, rolename) VALUES ('app28', 'chagin', 'app28_editor');
INSERT INTO app_user_role (appname, username, rolename) VALUES ('app38', 'dunay.es', 'app38_editor');
INSERT INTO app_user_role (appname, username, rolename) VALUES ('app31', 'promyshlyaeva', 'app31_editor');
INSERT INTO app_user_role (appname, username, rolename) VALUES ('app25', 'swan75', 'app25_editor');
INSERT INTO app_user_role (appname, username, rolename) VALUES ('app14', 'tuktarova', 'app14_editor');
INSERT INTO app_user_role (appname, username, rolename) VALUES ('app27', 'alex', 'app27_editor');
INSERT INTO app_user_role (appname, username, rolename) VALUES ('app32', 'vadim', 'app32_editor');
INSERT INTO app_user_role (appname, username, rolename) VALUES ('app24', 'zakieva', 'app24_editor');
INSERT INTO app_user_role (appname, username, rolename) VALUES ('app38', 'voronina-andreeva', 'app38_editor');
INSERT INTO app_user_role (appname, username, rolename) VALUES ('app13', 'olle73', 'app13_editor');
INSERT INTO app_user_role (appname, username, rolename) VALUES ('pravo_rg_ru', 'a.bondarev', 'pravo_rg_ru_editor');
INSERT INTO app_user_role (appname, username, rolename) VALUES ('node1', 'kondreva', 'app1_editor');
INSERT INTO app_user_role (appname, username, rolename) VALUES ('app14', 'zhilyaev', 'app14_editor');
INSERT INTO app_user_role (appname, username, rolename) VALUES ('rg', 'elias13', 'rg_editor');
INSERT INTO app_user_role (appname, username, rolename) VALUES ('app23', 'rgural', 'app23_editor');
INSERT INTO app_user_role (appname, username, rolename) VALUES ('auth', 'Rudavina', 'auth_editor');
INSERT INTO app_user_role (appname, username, rolename) VALUES ('app15', 'novik.artem', 'app15_editor');
INSERT INTO app_user_role (appname, username, rolename) VALUES ('app22', 'akondratiev', 'app22_editor');
INSERT INTO app_user_role (appname, username, rolename) VALUES ('app37', 'akulova', 'app37_editor');
INSERT INTO app_user_role (appname, username, rolename) VALUES ('pravo_rg_ru', 'pkolga76', 'pravo_rg_ru_editor');
INSERT INTO app_user_role (appname, username, rolename) VALUES ('app32', 'idrobysheva', 'app32_editor');
INSERT INTO app_user_role (appname, username, rolename) VALUES ('app19', 'david.flores', 'app19_editor');
INSERT INTO app_user_role (appname, username, rolename) VALUES ('app27', 'filonofz', 'app27_editor');
INSERT INTO app_user_role (appname, username, rolename) VALUES ('app28', 'chernyshev', 'app28_editor');
INSERT INTO app_user_role (appname, username, rolename) VALUES ('app11', 'usov', 'app11_editor');
INSERT INTO app_user_role (appname, username, rolename) VALUES ('app37', 'ovarlamova', 'app37_editor');
INSERT INTO app_user_role (appname, username, rolename) VALUES ('app32', 'dtverdyy', 'app32_editor');
INSERT INTO app_user_role (appname, username, rolename) VALUES ('app29', 'usov', 'app29_editor');
INSERT INTO app_user_role (appname, username, rolename) VALUES ('rg', 'voronina-andreeva', 'rg_editor');
INSERT INTO app_user_role (appname, username, rolename) VALUES ('app26', 'ptax66', 'app26_editor');
INSERT INTO app_user_role (appname, username, rolename) VALUES ('node2', 'olle73', 'app2_editor');
INSERT INTO app_user_role (appname, username, rolename) VALUES ('app32', 'mogana.ks', 'app32_editor');
INSERT INTO app_user_role (appname, username, rolename) VALUES ('app25', 'man72t', 'app25_editor');
INSERT INTO app_user_role (appname, username, rolename) VALUES ('node2', 'yzubko', 'app2_editor');
INSERT INTO app_user_role (appname, username, rolename) VALUES ('node1', 'ashirova', 'app1_editor');
INSERT INTO app_user_role (appname, username, rolename) VALUES ('app34', 'ivlev', 'app34_editor');
INSERT INTO app_user_role (appname, username, rolename) VALUES ('app16', 'busuek', 'app16_editor');
INSERT INTO app_user_role (appname, username, rolename) VALUES ('app30', 'kolesnikov', 'app30_editor');
INSERT INTO app_user_role (appname, username, rolename) VALUES ('app34', 'shashaeva', 'app34_editor');
INSERT INTO app_user_role (appname, username, rolename) VALUES ('app38', 'simonov', 'app38_editor');
INSERT INTO app_user_role (appname, username, rolename) VALUES ('app18', 'vovata', 'app18_editor');
INSERT INTO app_user_role (appname, username, rolename) VALUES ('app24', 'nikiforova', 'app24_editor');
INSERT INTO app_user_role (appname, username, rolename) VALUES ('app27', 'tatyana.shramchenko', 'app27_editor');
INSERT INTO app_user_role (appname, username, rolename) VALUES ('app25', 'dimagrigor58', 'app25_editor');
INSERT INTO app_user_role (appname, username, rolename) VALUES ('app18', 'tatyana.shramchenko', 'app18_editor');
INSERT INTO app_user_role (appname, username, rolename) VALUES ('node2', 'malinina', 'app2_editor');
INSERT INTO app_user_role (appname, username, rolename) VALUES ('app29', 'rgkaterina', 'app29_editor');
INSERT INTO app_user_role (appname, username, rolename) VALUES ('app27', 'izubko', 'app27_editor');
INSERT INTO app_user_role (appname, username, rolename) VALUES ('app35', 'melkumyan', 'app35_editor');
INSERT INTO app_user_role (appname, username, rolename) VALUES ('app21', 'v_ms', 'app21_editor');
INSERT INTO app_user_role (appname, username, rolename) VALUES ('app27', 'max', 'app27_editor');
INSERT INTO app_user_role (appname, username, rolename) VALUES ('app17', 'krimjuly', 'app17_editor');
INSERT INTO app_user_role (appname, username, rolename) VALUES ('app18', 'valkichin', 'app18_editor');
INSERT INTO app_user_role (appname, username, rolename) VALUES ('app11', 'vbpetrov', 'app11_editor');
INSERT INTO app_user_role (appname, username, rolename) VALUES ('app15', 'max', 'app15_editor');
INSERT INTO app_user_role (appname, username, rolename) VALUES ('app24', 'kmerinov', 'app24_editor');
INSERT INTO app_user_role (appname, username, rolename) VALUES ('rg', 'kerdo', 'rg_editor');
INSERT INTO app_user_role (appname, username, rolename) VALUES ('node2', 'v.cherenewa', 'app2_editor');
INSERT INTO app_user_role (appname, username, rolename) VALUES ('app28', 'lokalov', 'app28_editor');
INSERT INTO app_user_role (appname, username, rolename) VALUES ('app36', 'koshkav', 'app36_editor');
INSERT INTO app_user_role (appname, username, rolename) VALUES ('app16', 'turkova.1', 'app16_editor');
INSERT INTO app_user_role (appname, username, rolename) VALUES ('app18', 'morrisspb', 'app18_editor');
INSERT INTO app_user_role (appname, username, rolename) VALUES ('app37', 'v.cherenewa', 'app37_editor');
INSERT INTO app_user_role (appname, username, rolename) VALUES ('node1', 'kerdo', 'app1_editor');
INSERT INTO app_user_role (appname, username, rolename) VALUES ('node1', 'trhn', 'app1_editor');
INSERT INTO app_user_role (appname, username, rolename) VALUES ('app16', 'tatyana.shramchenko', 'app16_editor');
INSERT INTO app_user_role (appname, username, rolename) VALUES ('app24', 'e.savchenko743', 'app24_editor');
INSERT INTO app_user_role (appname, username, rolename) VALUES ('app15', 'tromanova', 'app15_editor');
INSERT INTO app_user_role (appname, username, rolename) VALUES ('app21', 'vadim_dav', 'app21_editor');
INSERT INTO app_user_role (appname, username, rolename) VALUES ('app38', 'dinessa', 'app38_editor');
INSERT INTO app_user_role (appname, username, rolename) VALUES ('app10', 'malikova', 'app10_editor');
INSERT INTO app_user_role (appname, username, rolename) VALUES ('node1', 'kolesnikov', 'app1_editor');
INSERT INTO app_user_role (appname, username, rolename) VALUES ('auth', 'sedkov', 'auth_editor');
INSERT INTO app_user_role (appname, username, rolename) VALUES ('app28', 'kerdo', 'app28_editor');
INSERT INTO app_user_role (appname, username, rolename) VALUES ('app17', 'ifedorov', 'app17_editor');
INSERT INTO app_user_role (appname, username, rolename) VALUES ('node2', 'aleksanyan', 'app2_editor');
INSERT INTO app_user_role (appname, username, rolename) VALUES ('app20', 'izubko', 'app20_editor');
INSERT INTO app_user_role (appname, username, rolename) VALUES ('app27', 'nurimanova', 'app27_editor');
INSERT INTO app_user_role (appname, username, rolename) VALUES ('app10', 'samar', 'app10_editor');
INSERT INTO app_user_role (appname, username, rolename) VALUES ('app20', 'uvylegzhanina', 'app20_editor');
INSERT INTO app_user_role (appname, username, rolename) VALUES ('node1', 'morrisspb', 'app1_editor');
INSERT INTO app_user_role (appname, username, rolename) VALUES ('app16', 'ramilya_tr', 'app16_editor');
INSERT INTO app_user_role (appname, username, rolename) VALUES ('app21', 'zhilyaev', 'app21_editor');
INSERT INTO app_user_role (appname, username, rolename) VALUES ('app13', 'kor', 'app13_editor');
INSERT INTO app_user_role (appname, username, rolename) VALUES ('app34', 'alex', 'app34_editor');
INSERT INTO app_user_role (appname, username, rolename) VALUES ('auth', 'gerasimenkoe', 'auth_editor');
INSERT INTO app_user_role (appname, username, rolename) VALUES ('app26', 'malysheva', 'app26_editor');
INSERT INTO app_user_role (appname, username, rolename) VALUES ('app10', 'akondratiev', 'app10_editor');
INSERT INTO app_user_role (appname, username, rolename) VALUES ('app11', 'yuliyasyrova111', 'app11_editor');
INSERT INTO app_user_role (appname, username, rolename) VALUES ('app18', 'pkolga76', 'app18_editor');
INSERT INTO app_user_role (appname, username, rolename) VALUES ('app36', 'shashaeva', 'app36_editor');
INSERT INTO app_user_role (appname, username, rolename) VALUES ('rg', 'novik.artem', 'rg_editor');
INSERT INTO app_user_role (appname, username, rolename) VALUES ('app37', 'osilbekova.m', 'app37_editor');
INSERT INTO app_user_role (appname, username, rolename) VALUES ('app12', 'aleksanyan', 'app12_editor');
INSERT INTO app_user_role (appname, username, rolename) VALUES ('app24', 'borodenko', 'app24_editor');
INSERT INTO app_user_role (appname, username, rolename) VALUES ('app33', 'shashaeva', 'app33_editor');
INSERT INTO app_user_role (appname, username, rolename) VALUES ('app21', 'olle73', 'app21_editor');
INSERT INTO app_user_role (appname, username, rolename) VALUES ('app27', 'bbkilin', 'app27_editor');
INSERT INTO app_user_role (appname, username, rolename) VALUES ('app18', 'shamilkerashev', 'app18_editor');
INSERT INTO app_user_role (appname, username, rolename) VALUES ('app27', 'kburmenko', 'app27_editor');
INSERT INTO app_user_role (appname, username, rolename) VALUES ('app26', 'dunay.es', 'app26_editor');
INSERT INTO app_user_role (appname, username, rolename) VALUES ('app28', 'johnsylver', 'app28_editor');
INSERT INTO app_user_role (appname, username, rolename) VALUES ('app18', 'zakiev', 'app18_editor');
INSERT INTO app_user_role (appname, username, rolename) VALUES ('app11', 'Barybina', 'app11_editor');
INSERT INTO app_user_role (appname, username, rolename) VALUES ('app23', 'lenacarn2005', 'app23_editor');
INSERT INTO app_user_role (appname, username, rolename) VALUES ('app32', 'matguka', 'app32_editor');
INSERT INTO app_user_role (appname, username, rolename) VALUES ('app28', 'pavlovam', 'app28_editor');
INSERT INTO app_user_role (appname, username, rolename) VALUES ('app29', 'polina.kortina', 'app29_editor');
INSERT INTO app_user_role (appname, username, rolename) VALUES ('app12', 'smeyukha', 'app12_editor');
INSERT INTO app_user_role (appname, username, rolename) VALUES ('app36', 'kburmenko', 'app36_editor');
INSERT INTO app_user_role (appname, username, rolename) VALUES ('rg', 'parshin', 'rg_editor');
INSERT INTO app_user_role (appname, username, rolename) VALUES ('app20', 'vovata', 'app20_editor');
INSERT INTO app_user_role (appname, username, rolename) VALUES ('app19', 'burlo', 'app19_editor');
INSERT INTO app_user_role (appname, username, rolename) VALUES ('app14', 'vbpetrov', 'app14_editor');
INSERT INTO app_user_role (appname, username, rolename) VALUES ('app12', 'chipak', 'app12_editor');
INSERT INTO app_user_role (appname, username, rolename) VALUES ('pravo_rg_ru', 'tata010', 'pravo_rg_ru_editor');
INSERT INTO app_user_role (appname, username, rolename) VALUES ('app11', 'pomeshchikova', 'app11_editor');
INSERT INTO app_user_role (appname, username, rolename) VALUES ('app28', 'trubko', 'app28_editor');
INSERT INTO app_user_role (appname, username, rolename) VALUES ('app10', 'm.pinkus', 'app10_editor');
INSERT INTO app_user_role (appname, username, rolename) VALUES ('app20', 'redaktor2', 'app20_editor');
INSERT INTO app_user_role (appname, username, rolename) VALUES ('app22', 'petyaeva', 'app22_editor');
INSERT INTO app_user_role (appname, username, rolename) VALUES ('app18', 'johnsylver', 'app18_editor');
INSERT INTO app_user_role (appname, username, rolename) VALUES ('app37', 'johnsylver', 'app37_editor');
INSERT INTO app_user_role (appname, username, rolename) VALUES ('app31', 'matguka', 'app31_editor');
INSERT INTO app_user_role (appname, username, rolename) VALUES ('app26', 'lenacarn2005', 'app26_editor');
INSERT INTO app_user_role (appname, username, rolename) VALUES ('auth', 'johnsylver', 'auth_editor');
INSERT INTO app_user_role (appname, username, rolename) VALUES ('app16', 'bormasheva', 'app16_editor');
INSERT INTO app_user_role (appname, username, rolename) VALUES ('node1', 'mogana.ks', 'app1_editor');
INSERT INTO app_user_role (appname, username, rolename) VALUES ('app17', 'uvylegzhanina', 'app17_editor');
INSERT INTO app_user_role (appname, username, rolename) VALUES ('app38', 'swan75', 'app38_editor');
INSERT INTO app_user_role (appname, username, rolename) VALUES ('app25', 'annaskudayeva', 'app25_editor');
INSERT INTO app_user_role (appname, username, rolename) VALUES ('app20', 'zinkler', 'app20_editor');
INSERT INTO app_user_role (appname, username, rolename) VALUES ('node2', 'ptr2002', 'app2_editor');
INSERT INTO app_user_role (appname, username, rolename) VALUES ('app21', 'kburmenko', 'app21_editor');
INSERT INTO app_user_role (appname, username, rolename) VALUES ('app37', 'suhorukova', 'app37_editor');
INSERT INTO app_user_role (appname, username, rolename) VALUES ('app26', 'trubko', 'app26_editor');
INSERT INTO app_user_role (appname, username, rolename) VALUES ('app21', 'den77p', 'app21_editor');
INSERT INTO app_user_role (appname, username, rolename) VALUES ('app23', 'alex', 'app23_editor');
INSERT INTO app_user_role (appname, username, rolename) VALUES ('app35', 'pavlovam', 'app35_editor');
INSERT INTO app_user_role (appname, username, rolename) VALUES ('app14', 'soldatenkov', 'app14_editor');
INSERT INTO app_user_role (appname, username, rolename) VALUES ('app27', 'chagin', 'app27_editor');
INSERT INTO app_user_role (appname, username, rolename) VALUES ('app20', 'melkumyan', 'app20_editor');
INSERT INTO app_user_role (appname, username, rolename) VALUES ('app37', 'grishenko', 'app37_editor');
INSERT INTO app_user_role (appname, username, rolename) VALUES ('app21', 'tata010', 'app21_editor');
INSERT INTO app_user_role (appname, username, rolename) VALUES ('app21', 'mogana.ks', 'app21_editor');
INSERT INTO app_user_role (appname, username, rolename) VALUES ('app22', 'front09', 'app22_editor');
INSERT INTO app_user_role (appname, username, rolename) VALUES ('app31', 'osilbekova.m', 'app31_editor');
INSERT INTO app_user_role (appname, username, rolename) VALUES ('app35', 'ivlev', 'app35_editor');
INSERT INTO app_user_role (appname, username, rolename) VALUES ('app12', 'dunay.es', 'app12_editor');
INSERT INTO app_user_role (appname, username, rolename) VALUES ('app13', 'akulova', 'app13_editor');
INSERT INTO app_user_role (appname, username, rolename) VALUES ('app11', 'zadunayskaya', 'app11_editor');
INSERT INTO app_user_role (appname, username, rolename) VALUES ('app24', 'grishenko', 'app24_editor');
INSERT INTO app_user_role (appname, username, rolename) VALUES ('app29', 'novik.artem', 'app29_editor');
INSERT INTO app_user_role (appname, username, rolename) VALUES ('app32', 'rg-tver', 'app32_editor');
INSERT INTO app_user_role (appname, username, rolename) VALUES ('app19', 'gerasimenkoe', 'app19_editor');
INSERT INTO app_user_role (appname, username, rolename) VALUES ('app27', 'shestakov', 'app27_editor');
INSERT INTO app_user_role (appname, username, rolename) VALUES ('app22', 'zinkler', 'app22_editor');
INSERT INTO app_user_role (appname, username, rolename) VALUES ('app12', 'melnik', 'app12_editor');
INSERT INTO app_user_role (appname, username, rolename) VALUES ('auth', 'satoyusuke', 'auth_editor');
INSERT INTO app_user_role (appname, username, rolename) VALUES ('app20', 'turkova.1', 'app20_editor');
INSERT INTO app_user_role (appname, username, rolename) VALUES ('app11', 'ruleva', 'app11_editor');
INSERT INTO app_user_role (appname, username, rolename) VALUES ('app37', 'ptr2002', 'app37_editor');
INSERT INTO app_user_role (appname, username, rolename) VALUES ('app16', 'shashaeva', 'app16_editor');
INSERT INTO app_user_role (appname, username, rolename) VALUES ('app35', 'filippov2', 'app35_editor');
INSERT INTO app_user_role (appname, username, rolename) VALUES ('app29', 'olle73', 'app29_editor');
INSERT INTO app_user_role (appname, username, rolename) VALUES ('app32', 'filonofz', 'app32_editor');
INSERT INTO app_user_role (appname, username, rolename) VALUES ('app11', 'natali-shika', 'app11_editor');
INSERT INTO app_user_role (appname, username, rolename) VALUES ('app33', 'buynaya', 'app33_editor');
INSERT INTO app_user_role (appname, username, rolename) VALUES ('app25', 'chernyakov', 'app25_editor');
INSERT INTO app_user_role (appname, username, rolename) VALUES ('app25', 'lolasmit', 'app25_editor');
INSERT INTO app_user_role (appname, username, rolename) VALUES ('node2', 'david.flores', 'app2_editor');
INSERT INTO app_user_role (appname, username, rolename) VALUES ('app15', 'anna-skripka', 'app15_editor');
INSERT INTO app_user_role (appname, username, rolename) VALUES ('app10', 'man72t', 'app10_editor');
INSERT INTO app_user_role (appname, username, rolename) VALUES ('app36', 'ivanitskaya', 'app36_editor');
INSERT INTO app_user_role (appname, username, rolename) VALUES ('app38', 'kolesnikov', 'app38_editor');
INSERT INTO app_user_role (appname, username, rolename) VALUES ('app33', 'vs-anti', 'app33_editor');
INSERT INTO app_user_role (appname, username, rolename) VALUES ('app34', 'voronina-andreeva', 'app34_editor');
INSERT INTO app_user_role (appname, username, rolename) VALUES ('app28', 'zinkler', 'app28_editor');
INSERT INTO app_user_role (appname, username, rolename) VALUES ('app18', 'filippov2', 'app18_editor');
INSERT INTO app_user_role (appname, username, rolename) VALUES ('app10', 'shashaeva', 'app10_editor');
INSERT INTO app_user_role (appname, username, rolename) VALUES ('node2', 'suvorova', 'app2_editor');
INSERT INTO app_user_role (appname, username, rolename) VALUES ('app29', 'marshak', 'app29_editor');
INSERT INTO app_user_role (appname, username, rolename) VALUES ('app23', 'petrovan', 'app23_editor');
INSERT INTO app_user_role (appname, username, rolename) VALUES ('app37', 'raichev', 'app37_editor');
INSERT INTO app_user_role (appname, username, rolename) VALUES ('app21', 'FKazakovK', 'app21_editor');
INSERT INTO app_user_role (appname, username, rolename) VALUES ('node2', 'melkumyan', 'app2_editor');
INSERT INTO app_user_role (appname, username, rolename) VALUES ('app20', 'morozova_o', 'app20_editor');
INSERT INTO app_user_role (appname, username, rolename) VALUES ('app24', 'any888', 'app24_editor');
INSERT INTO app_user_role (appname, username, rolename) VALUES ('app16', 'den77p', 'app16_editor');
INSERT INTO app_user_role (appname, username, rolename) VALUES ('app29', 'filippov2', 'app29_editor');
INSERT INTO app_user_role (appname, username, rolename) VALUES ('app35', 'kras', 'app35_editor');
INSERT INTO app_user_role (appname, username, rolename) VALUES ('app26', 'rkiselev', 'app26_editor');
INSERT INTO app_user_role (appname, username, rolename) VALUES ('app34', 'front09', 'app34_editor');
INSERT INTO app_user_role (appname, username, rolename) VALUES ('app16', 'swan75', 'app16_editor');
INSERT INTO app_user_role (appname, username, rolename) VALUES ('app23', 'redaktor2', 'app23_editor');
INSERT INTO app_user_role (appname, username, rolename) VALUES ('app17', 'svetlana-tsygankova', 'app17_editor');
INSERT INTO app_user_role (appname, username, rolename) VALUES ('rg', 'kazans-oleg', 'rg_editor');
INSERT INTO app_user_role (appname, username, rolename) VALUES ('app16', 'deeva', 'app16_editor');
INSERT INTO app_user_role (appname, username, rolename) VALUES ('app31', 'melnikov', 'app31_editor');
INSERT INTO app_user_role (appname, username, rolename) VALUES ('app18', 'shashaeva', 'app18_editor');
INSERT INTO app_user_role (appname, username, rolename) VALUES ('app29', 'v.cherenewa', 'app29_editor');
INSERT INTO app_user_role (appname, username, rolename) VALUES ('app19', 'kerdo', 'app19_editor');
INSERT INTO app_user_role (appname, username, rolename) VALUES ('app25', 'afinez', 'app25_editor');
INSERT INTO app_user_role (appname, username, rolename) VALUES ('app29', 'esolovyev', 'app29_editor');
INSERT INTO app_user_role (appname, username, rolename) VALUES ('app28', 'FKazakovK', 'app28_editor');
INSERT INTO app_user_role (appname, username, rolename) VALUES ('app24', 'rg-saransk', 'app24_editor');
INSERT INTO app_user_role (appname, username, rolename) VALUES ('app38', 'telyatnikova', 'app38_editor');
INSERT INTO app_user_role (appname, username, rolename) VALUES ('app36', 'david.flores', 'app36_editor');
INSERT INTO app_user_role (appname, username, rolename) VALUES ('app18', 'ifedorov', 'app18_editor');
INSERT INTO app_user_role (appname, username, rolename) VALUES ('app25', 'romrom1983', 'app25_editor');
INSERT INTO app_user_role (appname, username, rolename) VALUES ('app11', 'mnovikov', 'app11_editor');
INSERT INTO app_user_role (appname, username, rolename) VALUES ('rg', 'a.bondarev', 'rg_editor');
INSERT INTO app_user_role (appname, username, rolename) VALUES ('app37', 'yuliyasyrova111', 'app37_editor');
INSERT INTO app_user_role (appname, username, rolename) VALUES ('app26', 'raichev', 'app26_editor');
INSERT INTO app_user_role (appname, username, rolename) VALUES ('app19', 'zinkler', 'app19_editor');
INSERT INTO app_user_role (appname, username, rolename) VALUES ('app23', 'yuliyasyrova111', 'app23_editor');
INSERT INTO app_user_role (appname, username, rolename) VALUES ('app12', 'rkiselev', 'app12_editor');
INSERT INTO app_user_role (appname, username, rolename) VALUES ('app14', 'voronina-andreeva', 'app14_editor');
INSERT INTO app_user_role (appname, username, rolename) VALUES ('app31', 'borodenko', 'app31_editor');
INSERT INTO app_user_role (appname, username, rolename) VALUES ('app36', 'rgkaterina', 'app36_editor');
INSERT INTO app_user_role (appname, username, rolename) VALUES ('app28', 'matguka', 'app28_editor');
INSERT INTO app_user_role (appname, username, rolename) VALUES ('pravo_rg_ru', 'bbkilin', 'pravo_rg_ru_editor');
INSERT INTO app_user_role (appname, username, rolename) VALUES ('app17', 'melnikov', 'app17_editor');
INSERT INTO app_user_role (appname, username, rolename) VALUES ('auth', 'front09', 'auth_editor');
INSERT INTO app_user_role (appname, username, rolename) VALUES ('app26', 'petyaeva', 'app26_editor');
INSERT INTO app_user_role (appname, username, rolename) VALUES ('app28', 'aleksanyan', 'app28_editor');
INSERT INTO app_user_role (appname, username, rolename) VALUES ('app38', 'pkolga76', 'app38_editor');
INSERT INTO app_user_role (appname, username, rolename) VALUES ('rg', 'tromanova', 'rg_editor');
INSERT INTO app_user_role (appname, username, rolename) VALUES ('app19', 'gavrilenko-apk', 'app19_editor');
INSERT INTO app_user_role (appname, username, rolename) VALUES ('app24', 'kor', 'app24_editor');
INSERT INTO app_user_role (appname, username, rolename) VALUES ('app19', 'melnikov', 'app19_editor');
INSERT INTO app_user_role (appname, username, rolename) VALUES ('app36', 'esolovyev', 'app36_editor');
INSERT INTO app_user_role (appname, username, rolename) VALUES ('node1', 'any888', 'app1_editor');
INSERT INTO app_user_role (appname, username, rolename) VALUES ('rg', 'rgkazan-inet', 'rg_editor');
INSERT INTO app_user_role (appname, username, rolename) VALUES ('pravo_rg_ru', 'dinessa', 'pravo_rg_ru_editor');
INSERT INTO app_user_role (appname, username, rolename) VALUES ('app29', 'petrovan', 'app29_editor');
INSERT INTO app_user_role (appname, username, rolename) VALUES ('app33', 'dunay.es', 'app33_editor');
INSERT INTO app_user_role (appname, username, rolename) VALUES ('app13', 'nurimanova', 'app13_editor');
INSERT INTO app_user_role (appname, username, rolename) VALUES ('app28', 'maximov', 'app28_editor');
INSERT INTO app_user_role (appname, username, rolename) VALUES ('app16', 'ismagilov', 'app16_editor');
INSERT INTO app_user_role (appname, username, rolename) VALUES ('app26', 'ivanitskaya', 'app26_editor');
INSERT INTO app_user_role (appname, username, rolename) VALUES ('app13', 'maslova', 'app13_editor');
INSERT INTO app_user_role (appname, username, rolename) VALUES ('auth', 'morozova_o', 'auth_editor');
INSERT INTO app_user_role (appname, username, rolename) VALUES ('app11', 'morozova_o', 'app11_editor');
INSERT INTO app_user_role (appname, username, rolename) VALUES ('app37', 'krimjuly', 'app37_editor');
INSERT INTO app_user_role (appname, username, rolename) VALUES ('app31', 'rg-saransk', 'app31_editor');
INSERT INTO app_user_role (appname, username, rolename) VALUES ('app13', 'andreyandreev1961', 'app13_editor');
INSERT INTO app_user_role (appname, username, rolename) VALUES ('app36', 'alex', 'app36_editor');
INSERT INTO app_user_role (appname, username, rolename) VALUES ('app15', 'nurimanova', 'app15_editor');
INSERT INTO app_user_role (appname, username, rolename) VALUES ('app11', 'raichev', 'app11_editor');
INSERT INTO app_user_role (appname, username, rolename) VALUES ('app22', 'pr2', 'app22_editor');
INSERT INTO app_user_role (appname, username, rolename) VALUES ('app15', 'malinina', 'app15_editor');
INSERT INTO app_user_role (appname, username, rolename) VALUES ('app29', 'carminesaviano', 'app29_editor');
INSERT INTO app_user_role (appname, username, rolename) VALUES ('app31', 'kasya20', 'app31_editor');
INSERT INTO app_user_role (appname, username, rolename) VALUES ('app11', 'filimonov', 'app11_editor');
INSERT INTO app_user_role (appname, username, rolename) VALUES ('node1', 'lokalov', 'app1_editor');
INSERT INTO app_user_role (appname, username, rolename) VALUES ('node1', 'redaktor2', 'app1_editor');
INSERT INTO app_user_role (appname, username, rolename) VALUES ('node1', 'valkichin', 'app1_editor');
INSERT INTO app_user_role (appname, username, rolename) VALUES ('pravo_rg_ru', 'agur', 'pravo_rg_ru_editor');
INSERT INTO app_user_role (appname, username, rolename) VALUES ('app12', 'tatyana.shramchenko', 'app12_editor');
INSERT INTO app_user_role (appname, username, rolename) VALUES ('app31', 'aminova', 'app31_editor');
INSERT INTO app_user_role (appname, username, rolename) VALUES ('node2', 'obiedkova', 'app2_editor');
INSERT INTO app_user_role (appname, username, rolename) VALUES ('app12', 'tovprapor', 'app12_editor');
INSERT INTO app_user_role (appname, username, rolename) VALUES ('app15', 'ramilya_tr', 'app15_editor');
INSERT INTO app_user_role (appname, username, rolename) VALUES ('auth', 'kras', 'auth_editor');
INSERT INTO app_user_role (appname, username, rolename) VALUES ('app11', 'telyatnikova', 'app11_editor');
INSERT INTO app_user_role (appname, username, rolename) VALUES ('app24', 'promyshlyaeva', 'app24_editor');
INSERT INTO app_user_role (appname, username, rolename) VALUES ('app24', 'trhn', 'app24_editor');
INSERT INTO app_user_role (appname, username, rolename) VALUES ('app11', 'turkova.1', 'app11_editor');
INSERT INTO app_user_role (appname, username, rolename) VALUES ('app20', 'tatiana-rg', 'app20_editor');
INSERT INTO app_user_role (appname, username, rolename) VALUES ('app10', 'anna_alex_', 'app10_editor');
INSERT INTO app_user_role (appname, username, rolename) VALUES ('app14', 'shashaeva', 'app14_editor');
INSERT INTO app_user_role (appname, username, rolename) VALUES ('app21', 'akondratiev', 'app21_editor');
INSERT INTO app_user_role (appname, username, rolename) VALUES ('app15', 'shashaeva', 'app15_editor');
INSERT INTO app_user_role (appname, username, rolename) VALUES ('pravo_rg_ru', 'tatyana.shramchenko', 'pravo_rg_ru_editor');
INSERT INTO app_user_role (appname, username, rolename) VALUES ('app27', 'panin', 'app27_editor');
INSERT INTO app_user_role (appname, username, rolename) VALUES ('app12', 'panin', 'app12_editor');
INSERT INTO app_user_role (appname, username, rolename) VALUES ('app24', '7101159', 'app24_editor');
INSERT INTO app_user_role (appname, username, rolename) VALUES ('app38', 'hajoff', 'app38_editor');
INSERT INTO app_user_role (appname, username, rolename) VALUES ('app23', 'carminesaviano', 'app23_editor');
INSERT INTO app_user_role (appname, username, rolename) VALUES ('app27', 'pulya', 'app27_editor');
INSERT INTO app_user_role (appname, username, rolename) VALUES ('app30', 'annafedor2009', 'app30_editor');
INSERT INTO app_user_role (appname, username, rolename) VALUES ('app20', 'afinez', 'app20_editor');
INSERT INTO app_user_role (appname, username, rolename) VALUES ('app27', 'annaskudayeva', 'app27_editor');
INSERT INTO app_user_role (appname, username, rolename) VALUES ('node1', 'e.savchenko743', 'app1_editor');
INSERT INTO app_user_role (appname, username, rolename) VALUES ('auth', 'vadim', 'auth_editor');
INSERT INTO app_user_role (appname, username, rolename) VALUES ('node1', 'Rudavina', 'app1_editor');
INSERT INTO app_user_role (appname, username, rolename) VALUES ('node1', 'akulova', 'app1_editor');
INSERT INTO app_user_role (appname, username, rolename) VALUES ('app14', 'tenevaya', 'app14_editor');
INSERT INTO app_user_role (appname, username, rolename) VALUES ('app37', 'victor', 'app37_editor');
INSERT INTO app_user_role (appname, username, rolename) VALUES ('app10', 'prasolov', 'app10_editor');
INSERT INTO app_user_role (appname, username, rolename) VALUES ('app21', 'dtverdyy', 'app21_editor');
INSERT INTO app_user_role (appname, username, rolename) VALUES ('app37', 'rgstav', 'app37_editor');
INSERT INTO app_user_role (appname, username, rolename) VALUES ('app30', 'agur', 'app30_editor');
INSERT INTO app_user_role (appname, username, rolename) VALUES ('app22', 'rgural', 'app22_editor');
INSERT INTO app_user_role (appname, username, rolename) VALUES ('app28', 'nad8417', 'app28_editor');
INSERT INTO app_user_role (appname, username, rolename) VALUES ('app16', 'shu_lena', 'app16_editor');
INSERT INTO app_user_role (appname, username, rolename) VALUES ('app29', 'yzubko', 'app29_editor');
INSERT INTO app_user_role (appname, username, rolename) VALUES ('app27', 'ismagilov', 'app27_editor');
INSERT INTO app_user_role (appname, username, rolename) VALUES ('app17', 'v_ms', 'app17_editor');
INSERT INTO app_user_role (appname, username, rolename) VALUES ('app31', 'skorpy5', 'app31_editor');
INSERT INTO app_user_role (appname, username, rolename) VALUES ('app12', 'rgskfo', 'app12_editor');
INSERT INTO app_user_role (appname, username, rolename) VALUES ('app35', 'max', 'app35_editor');
INSERT INTO app_user_role (appname, username, rolename) VALUES ('node2', 'tenevaya', 'app2_editor');
INSERT INTO app_user_role (appname, username, rolename) VALUES ('app10', 'FKazakovK', 'app10_editor');
INSERT INTO app_user_role (appname, username, rolename) VALUES ('app21', 'komarovaa', 'app21_editor');
INSERT INTO app_user_role (appname, username, rolename) VALUES ('app38', 'gomozov', 'app38_editor');
INSERT INTO app_user_role (appname, username, rolename) VALUES ('app11', 'lokalov', 'app11_editor');
INSERT INTO app_user_role (appname, username, rolename) VALUES ('rg', 'natali-shika', 'rg_editor');
INSERT INTO app_user_role (appname, username, rolename) VALUES ('app23', 'kerdo', 'app23_editor');
INSERT INTO app_user_role (appname, username, rolename) VALUES ('app18', 'victor', 'app18_editor');
INSERT INTO app_user_role (appname, username, rolename) VALUES ('app25', 'elias13', 'app25_editor');
INSERT INTO app_user_role (appname, username, rolename) VALUES ('app27', 'ivanitskaya', 'app27_editor');
INSERT INTO app_user_role (appname, username, rolename) VALUES ('app21', 'lokalov', 'app21_editor');
INSERT INTO app_user_role (appname, username, rolename) VALUES ('app37', 'chernyakov', 'app37_editor');
INSERT INTO app_user_role (appname, username, rolename) VALUES ('app19', 'nsinetskiy', 'app19_editor');
INSERT INTO app_user_role (appname, username, rolename) VALUES ('app18', 'dimagrigor58', 'app18_editor');
INSERT INTO app_user_role (appname, username, rolename) VALUES ('app24', 'hajoff', 'app24_editor');
INSERT INTO app_user_role (appname, username, rolename) VALUES ('app10', 'gavrilenko-apk', 'app10_editor');
INSERT INTO app_user_role (appname, username, rolename) VALUES ('app24', 'parshin', 'app24_editor');
INSERT INTO app_user_role (appname, username, rolename) VALUES ('app38', 'krimjuly', 'app38_editor');
INSERT INTO app_user_role (appname, username, rolename) VALUES ('app33', 'lucia.bellinello', 'app33_editor');
INSERT INTO app_user_role (appname, username, rolename) VALUES ('app37', 'deeva', 'app37_editor');
INSERT INTO app_user_role (appname, username, rolename) VALUES ('app26', 'vovata', 'app26_editor');
INSERT INTO app_user_role (appname, username, rolename) VALUES ('app23', '7101159', 'app23_editor');
INSERT INTO app_user_role (appname, username, rolename) VALUES ('app23', 'julia_gardner_rg', 'app23_editor');
INSERT INTO app_user_role (appname, username, rolename) VALUES ('app16', 'achernega4', 'app16_editor');
INSERT INTO app_user_role (appname, username, rolename) VALUES ('app18', 'Rudavina', 'app18_editor');
INSERT INTO app_user_role (appname, username, rolename) VALUES ('app30', 'brook', 'app30_editor');
INSERT INTO app_user_role (appname, username, rolename) VALUES ('app35', 'ismagilov', 'app35_editor');
INSERT INTO app_user_role (appname, username, rolename) VALUES ('app26', 'man72t', 'app26_editor');
INSERT INTO app_user_role (appname, username, rolename) VALUES ('app36', 'elias13', 'app36_editor');
INSERT INTO app_user_role (appname, username, rolename) VALUES ('app29', 'rgskfo', 'app29_editor');
INSERT INTO app_user_role (appname, username, rolename) VALUES ('app22', 'koshkav', 'app22_editor');
INSERT INTO app_user_role (appname, username, rolename) VALUES ('app34', 'chernyakov', 'app34_editor');
INSERT INTO app_user_role (appname, username, rolename) VALUES ('app20', 'polina.kortina', 'app20_editor');
INSERT INTO app_user_role (appname, username, rolename) VALUES ('app27', 'm.pinkus', 'app27_editor');
INSERT INTO app_user_role (appname, username, rolename) VALUES ('app11', 'zinkler', 'app11_editor');
INSERT INTO app_user_role (appname, username, rolename) VALUES ('app33', 'pulya', 'app33_editor');
INSERT INTO app_user_role (appname, username, rolename) VALUES ('app23', 'pulya', 'app23_editor');
INSERT INTO app_user_role (appname, username, rolename) VALUES ('app24', 'turkova.1', 'app24_editor');
INSERT INTO app_user_role (appname, username, rolename) VALUES ('app33', 'kazans-oleg', 'app33_editor');
INSERT INTO app_user_role (appname, username, rolename) VALUES ('app26', 'zhilyaev', 'app26_editor');
INSERT INTO app_user_role (appname, username, rolename) VALUES ('app36', 'malinina', 'app36_editor');
INSERT INTO app_user_role (appname, username, rolename) VALUES ('app16', 'filippov2', 'app16_editor');
INSERT INTO app_user_role (appname, username, rolename) VALUES ('app32', 'man72t', 'app32_editor');
INSERT INTO app_user_role (appname, username, rolename) VALUES ('node1', 'krimjuly', 'app1_editor');
INSERT INTO app_user_role (appname, username, rolename) VALUES ('app19', 'v.cherenewa', 'app19_editor');
INSERT INTO app_user_role (appname, username, rolename) VALUES ('app31', 'rgkaterina', 'app31_editor');
INSERT INTO app_user_role (appname, username, rolename) VALUES ('app14', 'tkolesnikova', 'app14_editor');
INSERT INTO app_user_role (appname, username, rolename) VALUES ('rg', 'mediakat', 'rg_editor');
INSERT INTO app_user_role (appname, username, rolename) VALUES ('app35', 'akondratiev', 'app35_editor');
INSERT INTO app_user_role (appname, username, rolename) VALUES ('app25', 'rgskfo', 'app25_editor');
INSERT INTO app_user_role (appname, username, rolename) VALUES ('app31', 'kolmykova', 'app31_editor');
INSERT INTO app_user_role (appname, username, rolename) VALUES ('app37', 'antivalagin', 'app37_editor');
INSERT INTO app_user_role (appname, username, rolename) VALUES ('app18', 'evolkovy', 'app18_editor');
INSERT INTO app_user_role (appname, username, rolename) VALUES ('app30', 'nikiforova', 'app30_editor');
INSERT INTO app_user_role (appname, username, rolename) VALUES ('node1', 'chernyshev', 'app1_editor');
INSERT INTO app_user_role (appname, username, rolename) VALUES ('app38', 'lokalov', 'app38_editor');
INSERT INTO app_user_role (appname, username, rolename) VALUES ('app14', 'mil', 'app14_editor');
INSERT INTO app_user_role (appname, username, rolename) VALUES ('app22', 'soldatenkov', 'app22_editor');
INSERT INTO app_user_role (appname, username, rolename) VALUES ('app16', 'kondreva', 'app16_editor');
INSERT INTO app_user_role (appname, username, rolename) VALUES ('app21', 'san', 'app21_editor');
INSERT INTO app_user_role (appname, username, rolename) VALUES ('node2', 'victor', 'app2_editor');
INSERT INTO app_user_role (appname, username, rolename) VALUES ('app37', 'annaskudayeva', 'app37_editor');
INSERT INTO app_user_role (appname, username, rolename) VALUES ('app33', 'marshak', 'app33_editor');
INSERT INTO app_user_role (appname, username, rolename) VALUES ('app26', 'uvylegzhanina', 'app26_editor');
INSERT INTO app_user_role (appname, username, rolename) VALUES ('app24', 'mogana.ks', 'app24_editor');
INSERT INTO app_user_role (appname, username, rolename) VALUES ('app33', 'tkolesnikova', 'app33_editor');
INSERT INTO app_user_role (appname, username, rolename) VALUES ('app34', 'm.pinkus', 'app34_editor');
INSERT INTO app_user_role (appname, username, rolename) VALUES ('app25', 'koshkav', 'app25_editor');
INSERT INTO app_user_role (appname, username, rolename) VALUES ('app33', 'osilbekova.d', 'app33_editor');
INSERT INTO app_user_role (appname, username, rolename) VALUES ('app18', 'san', 'app18_editor');
INSERT INTO app_user_role (appname, username, rolename) VALUES ('app37', 'satoyusuke', 'app37_editor');
INSERT INTO app_user_role (appname, username, rolename) VALUES ('app32', 'svetarg', 'app32_editor');
INSERT INTO app_user_role (appname, username, rolename) VALUES ('app16', 'lucia.bellinello', 'app16_editor');
INSERT INTO app_user_role (appname, username, rolename) VALUES ('app23', 'razuvaeva', 'app23_editor');
INSERT INTO app_user_role (appname, username, rolename) VALUES ('app22', 'samar', 'app22_editor');
INSERT INTO app_user_role (appname, username, rolename) VALUES ('rg', 'osilbekova.m', 'rg_editor');
INSERT INTO app_user_role (appname, username, rolename) VALUES ('app17', 'il2009', 'app17_editor');
INSERT INTO app_user_role (appname, username, rolename) VALUES ('app11', 'valkichin', 'app11_editor');
INSERT INTO app_user_role (appname, username, rolename) VALUES ('app11', 'mediakat', 'app11_editor');
INSERT INTO app_user_role (appname, username, rolename) VALUES ('app33', 'atan', 'app33_editor');
INSERT INTO app_user_role (appname, username, rolename) VALUES ('node1', 'yurchak', 'app1_editor');
INSERT INTO app_user_role (appname, username, rolename) VALUES ('app38', 'suvorova', 'app38_editor');
INSERT INTO app_user_role (appname, username, rolename) VALUES ('app13', 'sedkov', 'app13_editor');
INSERT INTO app_user_role (appname, username, rolename) VALUES ('app37', 'ershov', 'app37_editor');
INSERT INTO app_user_role (appname, username, rolename) VALUES ('node1', 'chernyakov', 'app1_editor');
INSERT INTO app_user_role (appname, username, rolename) VALUES ('app21', 'tromanova', 'app21_editor');
INSERT INTO app_user_role (appname, username, rolename) VALUES ('app34', 'lolasmit', 'app34_editor');
INSERT INTO app_user_role (appname, username, rolename) VALUES ('app32', 'ruleva', 'app32_editor');
INSERT INTO app_user_role (appname, username, rolename) VALUES ('app17', 'kburmenko', 'app17_editor');
INSERT INTO app_user_role (appname, username, rolename) VALUES ('app27', 'bormasheva', 'app27_editor');
INSERT INTO app_user_role (appname, username, rolename) VALUES ('app31', 'inin', 'app31_editor');
INSERT INTO app_user_role (appname, username, rolename) VALUES ('app35', 'varyukhina', 'app35_editor');
INSERT INTO app_user_role (appname, username, rolename) VALUES ('node2', 'trusova', 'app2_editor');
INSERT INTO app_user_role (appname, username, rolename) VALUES ('app13', 'mnovikov', 'app13_editor');
INSERT INTO app_user_role (appname, username, rolename) VALUES ('app10', 'victor', 'app10_editor');
INSERT INTO app_user_role (appname, username, rolename) VALUES ('node2', 'ismagilov', 'app2_editor');
INSERT INTO app_user_role (appname, username, rolename) VALUES ('app36', 'san', 'app36_editor');
INSERT INTO app_user_role (appname, username, rolename) VALUES ('app37', 'zinchenko', 'app37_editor');
INSERT INTO app_user_role (appname, username, rolename) VALUES ('app19', 'rkiselev', 'app19_editor');
INSERT INTO app_user_role (appname, username, rolename) VALUES ('app26', 'lashkul', 'app26_editor');
INSERT INTO app_user_role (appname, username, rolename) VALUES ('app11', 'ismagilov', 'app11_editor');
INSERT INTO app_user_role (appname, username, rolename) VALUES ('app27', 'buynaya', 'app27_editor');
INSERT INTO app_user_role (appname, username, rolename) VALUES ('app29', 'test', 'app29_editor');
INSERT INTO app_user_role (appname, username, rolename) VALUES ('app10', 'fofana', 'app10_editor');
INSERT INTO app_user_role (appname, username, rolename) VALUES ('app17', 'vyunok79', 'app17_editor');
INSERT INTO app_user_role (appname, username, rolename) VALUES ('app10', 'yurchak', 'app10_editor');
INSERT INTO app_user_role (appname, username, rolename) VALUES ('auth', 'pan', 'auth_editor');
INSERT INTO app_user_role (appname, username, rolename) VALUES ('app33', 'iponosov', 'app33_editor');
INSERT INTO app_user_role (appname, username, rolename) VALUES ('app29', 'butylkina', 'app29_editor');
INSERT INTO app_user_role (appname, username, rolename) VALUES ('app15', 'lashkul', 'app15_editor');
INSERT INTO app_user_role (appname, username, rolename) VALUES ('app36', 'vadim_dav', 'app36_editor');
INSERT INTO app_user_role (appname, username, rolename) VALUES ('app28', 'barsuk', 'app28_editor');
INSERT INTO app_user_role (appname, username, rolename) VALUES ('app22', 'raichev', 'app22_editor');
INSERT INTO app_user_role (appname, username, rolename) VALUES ('app19', 'max', 'app19_editor');
INSERT INTO app_user_role (appname, username, rolename) VALUES ('app13', 'filonofz', 'app13_editor');
INSERT INTO app_user_role (appname, username, rolename) VALUES ('app11', 'koshkav', 'app11_editor');
INSERT INTO app_user_role (appname, username, rolename) VALUES ('rg', 'chipak', 'rg_editor');
INSERT INTO app_user_role (appname, username, rolename) VALUES ('rg', 'shamilkerashev', 'rg_editor');
INSERT INTO app_user_role (appname, username, rolename) VALUES ('app19', 'butylkina', 'app19_editor');
INSERT INTO app_user_role (appname, username, rolename) VALUES ('app22', 'osilbekova.m', 'app22_editor');
INSERT INTO app_user_role (appname, username, rolename) VALUES ('app16', 'lashkul', 'app16_editor');
INSERT INTO app_user_role (appname, username, rolename) VALUES ('pravo_rg_ru', 'tovprapor', 'pravo_rg_ru_editor');
INSERT INTO app_user_role (appname, username, rolename) VALUES ('app32', 'san', 'app32_editor');
INSERT INTO app_user_role (appname, username, rolename) VALUES ('app29', 'evolkovy', 'app29_editor');
INSERT INTO app_user_role (appname, username, rolename) VALUES ('app27', 'petyaeva', 'app27_editor');
INSERT INTO app_user_role (appname, username, rolename) VALUES ('app20', 'malinina', 'app20_editor');
INSERT INTO app_user_role (appname, username, rolename) VALUES ('app17', 'mnovikov', 'app17_editor');
INSERT INTO app_user_role (appname, username, rolename) VALUES ('app32', 'bormasheva', 'app32_editor');
INSERT INTO app_user_role (appname, username, rolename) VALUES ('app30', 'svetarg', 'app30_editor');
INSERT INTO app_user_role (appname, username, rolename) VALUES ('app19', 'petyaeva', 'app19_editor');
INSERT INTO app_user_role (appname, username, rolename) VALUES ('app13', 'gomozov', 'app13_editor');
INSERT INTO app_user_role (appname, username, rolename) VALUES ('app24', 'bil11', 'app24_editor');
INSERT INTO app_user_role (appname, username, rolename) VALUES ('app27', 'shamilkerashev', 'app27_editor');
INSERT INTO app_user_role (appname, username, rolename) VALUES ('app28', 'kmerinov', 'app28_editor');
INSERT INTO app_user_role (appname, username, rolename) VALUES ('app16', 'tkolesnikova', 'app16_editor');
INSERT INTO app_user_role (appname, username, rolename) VALUES ('app11', 'kushnareva', 'app11_editor');
INSERT INTO app_user_role (appname, username, rolename) VALUES ('node1', 'site', 'app1_editor');
INSERT INTO app_user_role (appname, username, rolename) VALUES ('app28', 'zzzebra', 'app28_editor');
INSERT INTO app_user_role (appname, username, rolename) VALUES ('app23', 'tovprapor', 'app23_editor');
INSERT INTO app_user_role (appname, username, rolename) VALUES ('app33', 'FKazakovK', 'app33_editor');
INSERT INTO app_user_role (appname, username, rolename) VALUES ('app21', 'shu_lena', 'app21_editor');
INSERT INTO app_user_role (appname, username, rolename) VALUES ('app19', 'chulkov', 'app19_editor');
INSERT INTO app_user_role (appname, username, rolename) VALUES ('app34', 'iponosov', 'app34_editor');
INSERT INTO app_user_role (appname, username, rolename) VALUES ('app30', 'vs-anti', 'app30_editor');
INSERT INTO app_user_role (appname, username, rolename) VALUES ('app27', 'kasya20', 'app27_editor');
INSERT INTO app_user_role (appname, username, rolename) VALUES ('app12', 'zakiev', 'app12_editor');
INSERT INTO app_user_role (appname, username, rolename) VALUES ('app33', 'nurimanova', 'app33_editor');
INSERT INTO app_user_role (appname, username, rolename) VALUES ('app20', 'zadunayskaya', 'app20_editor');
INSERT INTO app_user_role (appname, username, rolename) VALUES ('node2', 'morrisspb', 'app2_editor');
INSERT INTO app_user_role (appname, username, rolename) VALUES ('app15', 'morozova_o', 'app15_editor');
INSERT INTO app_user_role (appname, username, rolename) VALUES ('app35', 'den77p', 'app35_editor');
INSERT INTO app_user_role (appname, username, rolename) VALUES ('app20', 'chulkov', 'app20_editor');
INSERT INTO app_user_role (appname, username, rolename) VALUES ('app31', 'vadim_dav', 'app31_editor');
INSERT INTO app_user_role (appname, username, rolename) VALUES ('app33', 'bil11', 'app33_editor');
INSERT INTO app_user_role (appname, username, rolename) VALUES ('app31', 'kmerinov', 'app31_editor');
INSERT INTO app_user_role (appname, username, rolename) VALUES ('auth', 'aleksanyan', 'auth_editor');
INSERT INTO app_user_role (appname, username, rolename) VALUES ('app20', 'kerdo', 'app20_editor');
INSERT INTO app_user_role (appname, username, rolename) VALUES ('app12', 'promyshlyaeva', 'app12_editor');
INSERT INTO app_user_role (appname, username, rolename) VALUES ('app26', 'filippov2', 'app26_editor');
INSERT INTO app_user_role (appname, username, rolename) VALUES ('app37', 'svetl', 'app37_editor');
INSERT INTO app_user_role (appname, username, rolename) VALUES ('app11', 'dtverdyy', 'app11_editor');
INSERT INTO app_user_role (appname, username, rolename) VALUES ('app30', 'mil', 'app30_editor');
INSERT INTO app_user_role (appname, username, rolename) VALUES ('app16', 'nikolavna2-2', 'app16_editor');
INSERT INTO app_user_role (appname, username, rolename) VALUES ('app15', 'ptax66', 'app15_editor');
INSERT INTO app_user_role (appname, username, rolename) VALUES ('app11', 'ershov', 'app11_editor');
INSERT INTO app_user_role (appname, username, rolename) VALUES ('app34', 'valkichin', 'app34_editor');
INSERT INTO app_user_role (appname, username, rolename) VALUES ('app12', 'vs-anti', 'app12_editor');
INSERT INTO app_user_role (appname, username, rolename) VALUES ('app35', 'melnik', 'app35_editor');
INSERT INTO app_user_role (appname, username, rolename) VALUES ('app17', 'nurimanova', 'app17_editor');
INSERT INTO app_user_role (appname, username, rolename) VALUES ('app26', 'elisaveta_golub', 'app26_editor');
INSERT INTO app_user_role (appname, username, rolename) VALUES ('rg', 'apol3lp', 'rg_editor');
INSERT INTO app_user_role (appname, username, rolename) VALUES ('rg', 'filonofz', 'rg_editor');
INSERT INTO app_user_role (appname, username, rolename) VALUES ('app15', 'aleksanyan', 'app15_editor');
INSERT INTO app_user_role (appname, username, rolename) VALUES ('app19', 'polina.kortina', 'app19_editor');
INSERT INTO app_user_role (appname, username, rolename) VALUES ('app27', 'kolmykova', 'app27_editor');
INSERT INTO app_user_role (appname, username, rolename) VALUES ('auth', 'borodenko', 'auth_editor');
INSERT INTO app_user_role (appname, username, rolename) VALUES ('auth', 'ivlev', 'auth_editor');
INSERT INTO app_user_role (appname, username, rolename) VALUES ('app33', 'chulkov', 'app33_editor');
INSERT INTO app_user_role (appname, username, rolename) VALUES ('node1', 'rgural', 'app1_editor');
INSERT INTO app_user_role (appname, username, rolename) VALUES ('rg', 'dgulnaz', 'rg_editor');
INSERT INTO app_user_role (appname, username, rolename) VALUES ('app12', 'tkolesnikova', 'app12_editor');
INSERT INTO app_user_role (appname, username, rolename) VALUES ('app27', 'telyatnikova', 'app27_editor');
INSERT INTO app_user_role (appname, username, rolename) VALUES ('app32', 'melnikov', 'app32_editor');
INSERT INTO app_user_role (appname, username, rolename) VALUES ('app15', 'redaktor2', 'app15_editor');
INSERT INTO app_user_role (appname, username, rolename) VALUES ('app38', 'brook', 'app38_editor');
INSERT INTO app_user_role (appname, username, rolename) VALUES ('app18', 'julia_gardner_rg', 'app18_editor');
INSERT INTO app_user_role (appname, username, rolename) VALUES ('app13', 'soldatenkov', 'app13_editor');
INSERT INTO app_user_role (appname, username, rolename) VALUES ('app16', 'il2009', 'app16_editor');
